fiscal_year,facility_id,facility_name,address,city_town,state,zip_code,county_parish,communication_with_nurses_floor,communication_with_nurses_achievement_threshold,communication_with_nurses_benchmark,communication_with_nurses_baseline_rate,communication_with_nurses_performance_rate,communication_with_doctors_floor,communication_with_doctors_achievement_threshold,communication_with_doctors_benchmark,communication_with_doctors_baseline_rate,communication_with_doctors_performance_rate,responsiveness_of_hospital_staff_floor,responsiveness_of_hospital_staff_achievement_threshold,responsiveness_of_hospital_staff_benchmark,responsiveness_of_hospital_staff_baseline_rate,responsiveness_of_hospital_staff_performance_rate,care_transition_floor,care_transition_achievement_threshold,care_transition_benchmark,care_transition_baseline_rate,care_transition_performance_rate,communication_about_medicines_floor,communication_about_medicines_achievement_threshold,communication_about_medicines_benchmark,communication_about_medicines_baseline_rate,communication_about_medicines_performance_rate,cleanliness_and_quietness_of_hospital_environment_floor,cleanliness_and_quietness_of_hospital_environment_achievement_threshold,cleanliness_and_quietness_of_hospital_environment_benchmark,cleanliness_and_quietness_of_hospital_environment_baseline_rate,cleanliness_and_quietness_of_hospital_environment_performance_rate,discharge_information_floor,discharge_information_achievement_threshold,discharge_information_benchmark,discharge_information_baseline_rate,discharge_information_performance_rate,overall_rating_of_hospital_floor,overall_rating_of_hospital_achievement_threshold,overall_rating_of_hospital_benchmark,overall_rating_of_hospital_baseline_rate,overall_rating_of_hospital_performance_rate
2023,050006,PROVIDENCE ST JOSEPH HOSPITAL,2700 DOLBEER ST,EUREKA,CA,95501,HUMBOLDT,53.5,79.42,87.71,75.7565,70.561,62.41,79.83,87.97,75.9427,71.1899,40.4,65.52,81.22,55.1344,52.2473,25.64,51.84,63.57,43.4306,40.8598,39.82,63.11,74.05,61.6122,53.6739,45.94,65.63,79.64,54.8581,55.7808,66.92,87.23,92.21,87.4908,82.2759,36.31,71.66,85.39,57.3638,54.2865
2023,050007,PENINSULA MEDICAL CENTER,1501 TROUSDALE DRIVE,BURLINGAME,CA,94010,SAN MATEO,53.5,79.42,87.71,80.9255,80.5746,62.41,79.83,87.97,81.6666,81.0775,40.4,65.52,81.22,64.3686,62.1953,25.64,51.84,63.57,56.2282,54.3706,39.82,63.11,74.05,64.3202,61.6222,45.94,65.63,79.64,67.8481,65.168,66.92,87.23,92.21,86.5487,87.0097,36.31,71.66,85.39,80.703,77.0964
2023,050008,CALIFORNIA PACIFIC MEDICAL CTR-DAVIES CAMPUS HOSP,601 DUBOCE AVENUE,SAN FRANCISCO,CA,94117,SAN FRANCISCO,53.5,79.42,87.71,73.8459,72.9865,62.41,79.83,87.97,81.7552,79.4325,40.4,65.52,81.22,58.2159,55.7207,25.64,51.84,63.57,50.3535,47.9431,39.82,63.11,74.05,55.427,51.6547,45.94,65.63,79.64,55.1253,58.8514,66.92,87.23,92.21,86.5716,86.1322,36.31,71.66,85.39,62.8798,66.2629
2023,050009,PROVIDENCE QUEEN OF THE VALLEY MEDICAL CENTER,1000 TRANCAS ST,NAPA,CA,94558,NAPA,53.5,79.42,87.71,76.7837,74.3583,62.41,79.83,87.97,80.1076,78.8824,40.4,65.52,81.22,63.4945,60.6895,25.64,51.84,63.57,46.8582,46.4081,39.82,63.11,74.05,60.8964,54.6552,45.94,65.63,79.64,57.6724,55.0561,66.92,87.23,92.21,85.7934,85.9782,36.31,71.66,85.39,66.3007,70.1288
2023,050013,ADVENTIST HEALTH ST HELENA,10 WOODLAND ROAD,SAINT HELENA,CA,94574,NAPA,53.5,79.42,87.71,83.2441,80.2455,62.41,79.83,87.97,82.6085,79.3871,40.4,65.52,81.22,71.4841,67.0865,25.64,51.84,63.57,54.3197,53.5091,39.82,63.11,74.05,63.0458,61.0775,45.94,65.63,79.64,60.3389,57.3634,66.92,87.23,92.21,90.6842,86.4464,36.31,71.66,85.39,76.9739,78.9845
2023,050014,SUTTER AMADOR HOSPITAL,200 MISSION BLVD,JACKSON,CA,95642,AMADOR,53.5,79.42,87.71,83.7586,75.1655,62.41,79.83,87.97,80.3809,75.4243,40.4,65.52,81.22,76.68,65.311,25.64,51.84,63.57,53.3316,42.5959,39.82,63.11,74.05,65.2613,55.0925,45.94,65.63,79.64,71.1714,68.3391,66.92,87.23,92.21,88.7456,87.5609,36.31,71.66,85.39,77.5584,64.4942
2023,050017,MERCY GENERAL HOSPITAL,4001 J ST,SACRAMENTO,CA,95819,SACRAMENTO,53.5,79.42,87.71,79.2632,80.679,62.41,79.83,87.97,80.7404,79.3849,40.4,65.52,81.22,63.4506,65.2359,25.64,51.84,63.57,53.5537,53.0358,39.82,63.11,74.05,63.87,62.1088,45.94,65.63,79.64,66.1584,67.0967,66.92,87.23,92.21,87.5786,88.9269,36.31,71.66,85.39,76.5302,76.7242
2023,050022,RIVERSIDE COMMUNITY HOSPITAL,4445 MAGNOLIA AVENUE,RIVERSIDE,CA,92501,RIVERSIDE,53.5,79.42,87.71,71.7796,71.8391,62.41,79.83,87.97,73.498,73.7769,40.4,65.52,81.22,53.1782,47.6571,25.64,51.84,63.57,43.6244,43.5437,39.82,63.11,74.05,59.0846,55.0132,45.94,65.63,79.64,53.4202,52.7847,66.92,87.23,92.21,83.0694,75.8951,36.31,71.66,85.39,65.4261,64.1419
2023,050024,PARADISE VALLEY HOSPITAL,2400 EAST 4TH ST,NATIONAL CITY,CA,91950,SAN DIEGO,53.5,79.42,87.71,74.6802,73.2533,62.41,79.83,87.97,74.6577,71.9194,40.4,65.52,81.22,68.5369,66.0936,25.64,51.84,63.57,41.0117,40.887,39.82,63.11,74.05,66.2211,61.3411,45.94,65.63,79.64,64.3003,65.893,66.92,87.23,92.21,84.2021,78.067,36.31,71.66,85.39,63.5377,64.1138
2023,050025,UC SAN DIEGO HEALTH HILLCREST - HILLCREST MED CTR,200 WEST ARBOR DRIVE,SAN DIEGO,CA,92103,SAN DIEGO,53.5,79.42,87.71,78.9597,79.0822,62.41,79.83,87.97,81.1805,81.0881,40.4,65.52,81.22,66.3462,64.5549,25.64,51.84,63.57,58.3682,56.6509,39.82,63.11,74.05,63.188,60.7888,45.94,65.63,79.64,64.9406,62.6531,66.92,87.23,92.21,90.0684,88.8018,36.31,71.66,85.39,79.1212,78.0495
2023,050026,GROSSMONT HOSPITAL,5555 GROSSMONT CENTER DRIVE BOX 58,LA MESA,CA,91942,SAN DIEGO,53.5,79.42,87.71,78.3548,77.3605,62.41,79.83,87.97,78.655,77.1621,40.4,65.52,81.22,61.08,60.4518,25.64,51.84,63.57,51.723,50.49,39.82,63.11,74.05,62.6089,60.0947,45.94,65.63,79.64,59.7654,60.0044,66.92,87.23,92.21,87.379,86.8703,36.31,71.66,85.39,70.8257,70.5657
2023,050028,MAD RIVER COMMUNITY HOSPITAL,3800 JANES RD,ARCATA,CA,95521,HUMBOLDT,53.5,79.42,87.71,80.8232,78.6009,62.41,79.83,87.97,82.3804,81.7242,40.4,65.52,81.22,71.0679,72.7408,25.64,51.84,63.57,50.5668,48.218,39.82,63.11,74.05,68.9387,62.9994,45.94,65.63,79.64,63.0584,59.9278,66.92,87.23,92.21,90.4961,89.318,36.31,71.66,85.39,68.4369,62.6378
2023,050036,BAKERSFIELD MEMORIAL HOSPITAL,420 34TH ST,BAKERSFIELD,CA,93301,KERN,53.5,79.42,87.71,73.9719,72.821,62.41,79.83,87.97,74.2264,74.9637,40.4,65.52,81.22,58.0277,56.5675,25.64,51.84,63.57,48.052,43.6378,39.82,63.11,74.05,59.2517,55.8785,45.94,65.63,79.64,62.6602,61.1929,66.92,87.23,92.21,85.2716,83.8833,36.31,71.66,85.39,71.381,70.2326
2023,050038,SANTA CLARA VALLEY MEDICAL CENTER,751 SOUTH BASCOM AVENUE,SAN JOSE,CA,95128,SANTA CLARA,53.5,79.42,87.71,72.4868,72.5787,62.41,79.83,87.97,75.797,74.3346,40.4,65.52,81.22,63.0785,58.6161,25.64,51.84,63.57,42.4612,38.1668,39.82,63.11,74.05,59.5181,59.1655,45.94,65.63,79.64,55.4043,55.9893,66.92,87.23,92.21,85.9383,84.5586,36.31,71.66,85.39,65.6215,67.0456
2023,050039,ENLOE MEDICAL CENTER,1531 ESPLANADE,CHICO,CA,95926,BUTTE,53.5,79.42,87.71,80.3931,77.2277,62.41,79.83,87.97,78.5653,74.0138,40.4,65.52,81.22,65.4701,62.4006,25.64,51.84,63.57,52.6677,51.4314,39.82,63.11,74.05,69.0408,61.9192,45.94,65.63,79.64,59.7833,56.4599,66.92,87.23,92.21,89.6442,86.9575,36.31,71.66,85.39,74.6393,69.641
2023,050040,LAC/OLIVE VIEW-UCLA MEDICAL CENTER,14445 OLIVE VIEW DRIVE,SYLMAR,CA,91342,LOS ANGELES,53.5,79.42,87.71,72.9786,72.1127,62.41,79.83,87.97,78.989,76.5487,40.4,65.52,81.22,54.2228,55.3379,25.64,51.84,63.57,54.437,52.3539,39.82,63.11,74.05,62.0334,55.5255,45.94,65.63,79.64,54.5428,55.698,66.92,87.23,92.21,87.1334,83.9829,36.31,71.66,85.39,66.8435,68.7013
2023,050042,ST ELIZABETH COMMUNITY HOSPITAL,2550 SISTER MARY COLUMBA DRIVE,RED BLUFF,CA,96080,TEHAMA,53.5,79.42,87.71,79.0947,79.1271,62.41,79.83,87.97,80.315,81.772,40.4,65.52,81.22,67.1067,66.5988,25.64,51.84,63.57,54.7472,53.424,39.82,63.11,74.05,65.051,65.1616,45.94,65.63,79.64,61.3374,60.3129,66.92,87.23,92.21,90.7811,90.2006,36.31,71.66,85.39,73.6578,71.4179
2023,050043,ALTA BATES SUMMIT MEDICAL CENTER,350 HAWTHORNE AVENUE,OAKLAND,CA,94609,ALAMEDA,53.5,79.42,87.71,72.1326,73.2931,62.41,79.83,87.97,77.3904,78.3702,40.4,65.52,81.22,55.7929,56.5055,25.64,51.84,63.57,53.0283,50.1272,39.82,63.11,74.05,59.6214,57.6113,45.94,65.63,79.64,63.8047,62.6081,66.92,87.23,92.21,87.1717,84.8931,36.31,71.66,85.39,69.6934,71.4043
2023,050045,EL CENTRO REGIONAL MEDICAL CENTER,1415 ROSS AVENUE,EL CENTRO,CA,92243,IMPERIAL,53.5,79.42,87.71,71.9196,69.9382,62.41,79.83,87.97,74.0711,71.8979,40.4,65.52,81.22,57.1029,49.0353,25.64,51.84,63.57,52.3881,45.127,39.82,63.11,74.05,55.7808,52.2788,45.94,65.63,79.64,61.8922,55.604,66.92,87.23,92.21,83.4524,81.2136,36.31,71.66,85.39,61.6702,51.7147
2023,050047,CALIFORNIA PACIFIC MEDICAL CENTER- VAN NESS CAMPUS,1101 VAN NESS AVENUE,SAN FRANCISCO,CA,94109,SAN FRANCISCO,53.5,79.42,87.71,72.8537,73.4859,62.41,79.83,87.97,78.0508,78.2315,40.4,65.52,81.22,59.0338,59.4537,25.64,51.84,63.57,49.6819,49.1692,39.82,63.11,74.05,60.8374,57.67,45.94,65.63,79.64,60.8326,61.0283,66.92,87.23,92.21,83.0178,84.5894,36.31,71.66,85.39,73.0872,75.214
2023,050054,SAN GORGONIO MEMORIAL HOSPITAL,600 NORTH HIGHLAND SPRINGS AVENUE,BANNING,CA,92220,RIVERSIDE,53.5,79.42,87.71,78.8829,73.5267,62.41,79.83,87.97,80.2392,75.0785,40.4,65.52,81.22,70.3056,62.3415,25.64,51.84,63.57,53.348,50.2232,39.82,63.11,74.05,63.9765,53.5298,45.94,65.63,79.64,64.9293,62.7122,66.92,87.23,92.21,86.8879,85.4311,36.31,71.66,85.39,70.5482,64.3895
2023,050055,CALIFORNIA PACIFIC MEDICAL CENTER - MISSION BERNAL,3555 CESAR CHAVEZ,SAN FRANCISCO,CA,94110,SAN FRANCISCO,53.5,79.42,87.71,73.3998,77.6296,62.41,79.83,87.97,78.9469,80.9099,40.4,65.52,81.22,61.0985,64.7719,25.64,51.84,63.57,49.6728,52.9891,39.82,63.11,74.05,59.2784,64.2707,45.94,65.63,79.64,65.7352,67.2572,66.92,87.23,92.21,84.6039,87.4999,36.31,71.66,85.39,73.6665,73.6617
2023,050056,ANTELOPE VALLEY HOSPITAL,1600 W AVE J,LANCASTER,CA,93534,LOS ANGELES,53.5,79.42,87.71,71.9898,73.5427,62.41,79.83,87.97,71.0144,73.7662,40.4,65.52,81.22,56.4565,52.6808,25.64,51.84,63.57,40.6097,43.7201,39.82,63.11,74.05,54.0755,54.4256,45.94,65.63,79.64,55.8693,56.7612,66.92,87.23,92.21,82.0553,82.9046,36.31,71.66,85.39,57.5208,56.7493
2023,050057,KAWEAH HEALTH MEDICAL CENTER,400 W MINERAL KING AVE,VISALIA,CA,93291,TULARE,53.5,79.42,87.71,76.58,76.1043,62.41,79.83,87.97,76.018,75.0685,40.4,65.52,81.22,67.201,65.6198,25.64,51.84,63.57,46.5979,45.8442,39.82,63.11,74.05,60.4937,61.9193,45.94,65.63,79.64,58.643,60.7026,66.92,87.23,92.21,86.5631,85.3377,36.31,71.66,85.39,71.3639,69.3838
2023,050058,GLENDALE MEM HOSPITAL & HLTH CENTER,1420 S CENTRAL AVE,GLENDALE,CA,91204,LOS ANGELES,53.5,79.42,87.71,76.9611,73.9773,62.41,79.83,87.97,76.1081,75.8708,40.4,65.52,81.22,62.6173,60.1644,25.64,51.84,63.57,52.4306,46.3716,39.82,63.11,74.05,65.8053,57.945,45.94,65.63,79.64,66.0852,61.7198,66.92,87.23,92.21,85.1103,83.6287,36.31,71.66,85.39,69.6558,66.092
2023,050060,COMMUNITY REGIONAL MEDICAL CENTER,2823 FRESNO STREET,FRESNO,CA,93721,FRESNO,53.5,79.42,87.71,73.2454,68.7691,62.41,79.83,87.97,75.3916,70.5567,40.4,65.52,81.22,58.7654,47.4174,25.64,51.84,63.57,41.49,46.6067,39.82,63.11,74.05,59.6287,55.7177,45.94,65.63,79.64,60.1219,57.8629,66.92,87.23,92.21,87.7196,85.2876,36.31,71.66,85.39,67.9796,63.1625
2023,050063,HOLLYWOOD PRESBYTERIAN MEDICAL CENTER,1300 N VERMONT AVE,LOS ANGELES,CA,90027,LOS ANGELES,53.5,79.42,87.71,68.1309,67.2136,62.41,79.83,87.97,68.7952,68.5137,40.4,65.52,81.22,54.9543,49.876,25.64,51.84,63.57,31.6767,31.7491,39.82,63.11,74.05,59.8781,56.9137,45.94,65.63,79.64,53.221,54.6165,66.92,87.23,92.21,78.8929,79.5515,36.31,71.66,85.39,61.1134,59.9847
2023,050069,PROVIDENCE ST. JOSEPH HOSPITAL,1100 WEST STEWART DR,ORANGE,CA,92868,ORANGE,53.5,79.42,87.71,78.3991,79.1796,62.41,79.83,87.97,79.0892,81.1266,40.4,65.52,81.22,60.9738,54.72,25.64,51.84,63.57,56.8985,54.7766,39.82,63.11,74.05,66.6008,61.0645,45.94,65.63,79.64,69.5578,64.4542,66.92,87.23,92.21,86.6829,86.4971,36.31,71.66,85.39,79.1098,74.5952
2023,050070,KAISER FOUNDATION HOSPITAL - SOUTH SAN FRANCISCO,1200 EL CAMINO REAL,SOUTH SAN FRANCISCO,CA,94080,SAN MATEO,53.5,79.42,87.71,79.2506,75.6515,62.41,79.83,87.97,83.6276,81.7654,40.4,65.52,81.22,66.7033,59.5887,25.64,51.84,63.57,53.571,48.2701,39.82,63.11,74.05,64.1387,58.7784,45.94,65.63,79.64,56.8709,56.0745,66.92,87.23,92.21,84.7452,84.5943,36.31,71.66,85.39,70.6331,68.0629
2023,050071,KAISER FOUNDATION HOSPITAL-SANTA CLARA,700 LAWRENCE EXPRESSWAY,SANTA CLARA,CA,95051,SANTA CLARA,53.5,79.42,87.71,77.3645,77.106,62.41,79.83,87.97,83.1721,82.0049,40.4,65.52,81.22,59.4319,56.3984,25.64,51.84,63.57,53.6685,52.2011,39.82,63.11,74.05,62.8873,59.1609,45.94,65.63,79.64,61.5357,61.9807,66.92,87.23,92.21,86.5553,86.6713,36.31,71.66,85.39,74.4669,73.1172
2023,050072,KAISER FOUNDATION HOSPITAL - WALNUT CREEK,1425 S MAIN STREET,WALNUT CREEK,CA,94596,CONTRA COSTA,53.5,79.42,87.71,72.5611,71.5934,62.41,79.83,87.97,78.689,77.5107,40.4,65.52,81.22,55.9286,51.0043,25.64,51.84,63.57,46.8437,46.9545,39.82,63.11,74.05,55.9323,56.3804,45.94,65.63,79.64,53.2277,53.8643,66.92,87.23,92.21,84.0524,85.1974,36.31,71.66,85.39,65.0907,60.9105
2023,050073,KAISER FOUNDATION HOSPITAL AND REHAB CENTER,975 SERENO DR,VALLEJO,CA,94589,SOLANO,53.5,79.42,87.71,77.6634,76.1753,62.41,79.83,87.97,82.8114,80.1844,40.4,65.52,81.22,63.3432,57.1093,25.64,51.84,63.57,53.0941,49.9137,39.82,63.11,74.05,64.7701,61.573,45.94,65.63,79.64,62.0659,63.5375,66.92,87.23,92.21,87.722,87.0401,36.31,71.66,85.39,74.8312,74.5278
2023,050075,KAISER FOUNDATION HOSPITAL - OAKLAND/RICHMOND,275 WEST MACARTHUR BOULEVARD,OAKLAND,CA,94611,ALAMEDA,53.5,79.42,87.71,72.7271,70.4712,62.41,79.83,87.97,79.1975,78.0881,40.4,65.52,81.22,54.5282,50.7899,25.64,51.84,63.57,49.2933,46.385,39.82,63.11,74.05,57.4064,53.9445,45.94,65.63,79.64,59.0133,57.0662,66.92,87.23,92.21,84.9051,83.2358,36.31,71.66,85.39,71.3912,68.0113
2023,050076,KAISER FOUNDATION HOSPITAL - SAN FRANCISCO,2425 GEARY BLVD,SAN FRANCISCO,CA,94115,SAN FRANCISCO,53.5,79.42,87.71,76.9295,75.1383,62.41,79.83,87.97,81.2111,80.6906,40.4,65.52,81.22,65.1531,61.2607,25.64,51.84,63.57,51.6628,48.9315,39.82,63.11,74.05,61.0178,58.2343,45.94,65.63,79.64,53.5529,53.193,66.92,87.23,92.21,85.6126,85.3578,36.31,71.66,85.39,68.6197,67.7227
2023,050078,PROVIDENCE LITTLE CO OF MARY MED CTR SAN PEDRO,1300 W 7TH ST,SAN PEDRO,CA,90732,LOS ANGELES,53.5,79.42,87.71,76.8457,76.3955,62.41,79.83,87.97,82.407,79.2995,40.4,65.52,81.22,55.8263,56.5605,25.64,51.84,63.57,50.114,53.6194,39.82,63.11,74.05,64.6598,58.4033,45.94,65.63,79.64,62.1306,60.1319,66.92,87.23,92.21,84.2871,85.4229,36.31,71.66,85.39,71.0011,70.9816
2023,050082,ST JOHNS REGIONAL MEDICAL CENTER,1600 N ROSE AVE,OXNARD,CA,93030,VENTURA,53.5,79.42,87.71,76.3062,74.9802,62.41,79.83,87.97,77.652,74.5214,40.4,65.52,81.22,57.8527,55.9277,25.64,51.84,63.57,51.8853,49.4866,39.82,63.11,74.05,64.4994,60.3704,45.94,65.63,79.64,62.4291,59.7475,66.92,87.23,92.21,87.042,86.6582,36.31,71.66,85.39,70.1974,65.4915
2023,050084,ST JOSEPH'S MEDICAL CENTER OF STOCKTON,1800 N CALIFORNIA ST,STOCKTON,CA,95204,SAN JOAQUIN,53.5,79.42,87.71,76.9957,75.9239,62.41,79.83,87.97,78.3549,75.8669,40.4,65.52,81.22,61.8041,61.9591,25.64,51.84,63.57,49.2343,47.1215,39.82,63.11,74.05,61.6691,60.6744,45.94,65.63,79.64,56.7103,53.7847,66.92,87.23,92.21,85.6545,86.1976,36.31,71.66,85.39,67.0929,65.7657
2023,050090,SONOMA VALLEY HOSPITAL,347 ANDRIEUX ST,SONOMA,CA,95476,SONOMA,53.5,79.42,87.71,77.0748,80.0301,62.41,79.83,87.97,80.827,77.5617,40.4,65.52,81.22,68.8264,77.5642,25.64,51.84,63.57,51.0428,50.4271,39.82,63.11,74.05,57.4745,71.1159,45.94,65.63,79.64,59.8991,69.4314,66.92,87.23,92.21,89.4379,86.4557,36.31,71.66,85.39,62.7082,71.7736
2023,050091,COMMUNITY HOSPITAL OF HUNTINGTON PARK,2623 E SLAUSON AVE,HUNTINGTON PARK,CA,90255,LOS ANGELES,53.5,79.42,87.71,69.8394,67.9416,62.41,79.83,87.97,67.8842,63.1784,40.4,65.52,81.22,58.2109,51.2179,25.64,51.84,63.57,37.1206,29.177,39.82,63.11,74.05,58.6437,51.6488,45.94,65.63,79.64,57.5968,53.185,66.92,87.23,92.21,77.6969,76.7781,36.31,71.66,85.39,56.8451,55.1738
2023,050093,SAINT AGNES MEDICAL CENTER,1303 E HERNDON AVE,FRESNO,CA,93710,FRESNO,53.5,79.42,87.71,74.3528,65.7813,62.41,79.83,87.97,74.4688,69.1269,40.4,65.52,81.22,60.529,51.1419,25.64,51.84,63.57,46.3268,39.8724,39.82,63.11,74.05,60.6539,53.8557,45.94,65.63,79.64,61.7628,57.6923,66.92,87.23,92.21,85.6746,81.6609,36.31,71.66,85.39,68.6146,61.7189
2023,050099,SAN ANTONIO REGIONAL HOSPITAL,999 SAN BERNARDINO ROAD,UPLAND,CA,91786,SAN BERNARDINO,53.5,79.42,87.71,74.5108,76.9262,62.41,79.83,87.97,72.8587,74.4058,40.4,65.52,81.22,59.9801,62.0332,25.64,51.84,63.57,45.1822,44.8796,39.82,63.11,74.05,62.1456,62.1348,45.94,65.63,79.64,60.0443,60.525,66.92,87.23,92.21,83.818,83.656,36.31,71.66,85.39,70.7853,70.6426
2023,050100,SHARP MEMORIAL HOSPITAL,7901 FROST ST,SAN DIEGO,CA,92123,SAN DIEGO,53.5,79.42,87.71,82.5624,80.6907,62.41,79.83,87.97,81.7279,79.9991,40.4,65.52,81.22,68.2873,64.4677,25.64,51.84,63.57,58.3404,56.7661,39.82,63.11,74.05,65.312,63.661,45.94,65.63,79.64,71.2953,67.6009,66.92,87.23,92.21,89.7186,88.4232,36.31,71.66,85.39,82.7835,79.0942
2023,050101,SUTTER SOLANO MEDICAL CENTER,300 HOSPITAL DR,VALLEJO,CA,94589,SOLANO,53.5,79.42,87.71,76.2399,75.3764,62.41,79.83,87.97,80.2567,78.1551,40.4,65.52,81.22,60.5752,55.84,25.64,51.84,63.57,54.3889,49.7239,39.82,63.11,74.05,62.9939,54.6542,45.94,65.63,79.64,59.8082,60.4054,66.92,87.23,92.21,87.1469,86.1162,36.31,71.66,85.39,66.8067,63.3925
2023,050102,PARKVIEW COMMUNITY HOSPITAL MEDICAL CENTER,3865 JACKSON STREET,RIVERSIDE,CA,92503,RIVERSIDE,53.5,79.42,87.71,73.5188,72.2757,62.41,79.83,87.97,74.5903,72.6395,40.4,65.52,81.22,62.8704,55.9303,25.64,51.84,63.57,41.4322,40.4587,39.82,63.11,74.05,55.8145,58.1331,45.94,65.63,79.64,59.475,57.6948,66.92,87.23,92.21,83.9892,82.1142,36.31,71.66,85.39,60.4376,62.1546
2023,050103,WHITE MEMORIAL MEDICAL CENTER,1720 E CESAR AVENUE,LOS ANGELES,CA,90033,LOS ANGELES,53.5,79.42,87.71,74.9176,74.6332,62.41,79.83,87.97,77.2582,73.4648,40.4,65.52,81.22,63.7836,60.4877,25.64,51.84,63.57,37.1849,35.2264,39.82,63.11,74.05,63.0873,61.4377,45.94,65.63,79.64,59.8185,59.274,66.92,87.23,92.21,86.8551,85.501,36.31,71.66,85.39,73.1806,71.0674
2023,050104,SAINT FRANCIS MEDICAL CENTER,3630 EAST IMPERIAL HIGHWAY,LYNWOOD,CA,90262,LOS ANGELES,53.5,79.42,87.71,70.4305,65.6582,62.41,79.83,87.97,68.8748,67.4786,40.4,65.52,81.22,54.0814,56.6545,25.64,51.84,63.57,45.6365,28.2024,39.82,63.11,74.05,56.9018,58.298,45.94,65.63,79.64,58.4454,59.0173,66.92,87.23,92.21,77.6597,80.0866,36.31,71.66,85.39,60.186,56.8889
2023,050107,MARIAN REGIONAL MEDICAL CENTER,1400 E CHURCH ST,SANTA MARIA,CA,93454,SANTA BARBARA,53.5,79.42,87.71,77.1295,76.7975,62.41,79.83,87.97,77.6446,76.4681,40.4,65.52,81.22,64.9613,61.3736,25.64,51.84,63.57,50.9082,48.25,39.82,63.11,74.05,66.2092,63.4984,45.94,65.63,79.64,66.9217,63.7623,66.92,87.23,92.21,88.0127,87.8467,36.31,71.66,85.39,74.2821,69.7157
2023,050108,"SUTTER MEDICAL CENTER, SACRAMENTO",2825 CAPITOL AVENUE,SACRAMENTO,CA,95816,SACRAMENTO,53.5,79.42,87.71,79.3908,77.4094,62.41,79.83,87.97,81.1512,78.318,40.4,65.52,81.22,61.6958,58.8401,25.64,51.84,63.57,55.225,51.2683,39.82,63.11,74.05,64.6565,61.2239,45.94,65.63,79.64,62.9596,63.4118,66.92,87.23,92.21,87.8833,87.7876,36.31,71.66,85.39,77.4837,74.0925
2023,050110,LOMPOC VALLEY MEDICAL CENTER,1515 E OCEAN AVENUE,LOMPOC,CA,93436,SANTA BARBARA,53.5,79.42,87.71,74.2116,74.4893,62.41,79.83,87.97,77.4279,74.6517,40.4,65.52,81.22,60.5214,61.3679,25.64,51.84,63.57,44.8289,43.6402,39.82,63.11,74.05,62.4644,57.4774,45.94,65.63,79.64,64.7734,59.7831,66.92,87.23,92.21,86.7575,88.8044,36.31,71.66,85.39,61.8612,59.787
2023,050112,SANTA MONICA - UCLA MED CTR & ORTHOPAEDIC HOSPITAL,1250 16TH STREET,SANTA MONICA,CA,90404,LOS ANGELES,53.5,79.42,87.71,81.8784,79.1727,62.41,79.83,87.97,82.9821,80.9524,40.4,65.52,81.22,69.7821,62.3955,25.64,51.84,63.57,57.41,54.9138,39.82,63.11,74.05,67.1121,62.7289,45.94,65.63,79.64,68.7364,66.9495,66.92,87.23,92.21,88.3328,85.314,36.31,71.66,85.39,83.3617,80.3309
2023,050115,PALOMAR HEALTH DOWNTOWN CAMPUS,555 EAST VALLEY PARKWAY,ESCONDIDO,CA,92025,SAN DIEGO,53.5,79.42,87.71,77.6891,74.7728,62.41,79.83,87.97,81.3582,76.8365,40.4,65.52,81.22,57.9357,54.1866,25.64,51.84,63.57,52.971,47.8274,39.82,63.11,74.05,61.5816,56.8984,45.94,65.63,79.64,61.0858,57.1773,66.92,87.23,92.21,86.7313,84.4507,36.31,71.66,85.39,75.577,69.4659
2023,050118,DOCTORS HOSPITAL OF MANTECA,1205 E NORTH STREET,MANTECA,CA,95336,SAN JOAQUIN,53.5,79.42,87.71,75.9943,75.8824,62.41,79.83,87.97,76.8037,75.6911,40.4,65.52,81.22,64.4156,58.6133,25.64,51.84,63.57,50.6446,48.0722,39.82,63.11,74.05,65.4281,60.5542,45.94,65.63,79.64,60.4913,55.949,66.92,87.23,92.21,85.2264,84.9232,36.31,71.66,85.39,71.795,67.89
2023,050121,ADVENTIST HEALTH HANFORD,115 MALL DRIVE,HANFORD,CA,93230,KINGS,53.5,79.42,87.71,75.92,76.007,62.41,79.83,87.97,76.2888,76.2329,40.4,65.52,81.22,63.4497,59.9838,25.64,51.84,63.57,42.7607,38.6917,39.82,63.11,74.05,64.5644,60.7163,45.94,65.63,79.64,65.5861,63.8012,66.92,87.23,92.21,87.1074,84.572,36.31,71.66,85.39,72.6723,69.3442
2023,050122,DAMERON HOSPITAL,525 WEST ACACIA STREET,STOCKTON,CA,95203,SAN JOAQUIN,53.5,79.42,87.71,81.365,75.8697,62.41,79.83,87.97,81.5286,71.1548,40.4,65.52,81.22,65.9702,54.3077,25.64,51.84,63.57,52.1297,42.1114,39.82,63.11,74.05,63.4472,58.7933,45.94,65.63,79.64,64.9861,62.3847,66.92,87.23,92.21,86.6575,83.2968,36.31,71.66,85.39,68.4321,68.7106
2023,050124,USC VERDUGO HILLS HOSPITAL,1812 VERDUGO BLVD,GLENDALE,CA,91208,LOS ANGELES,53.5,79.42,87.71,74.7499,74.4715,62.41,79.83,87.97,77.8551,75.9275,40.4,65.52,81.22,60.7759,61.0901,25.64,51.84,63.57,48.7144,47.2762,39.82,63.11,74.05,54.7485,54.7045,45.94,65.63,79.64,54.0411,58.1099,66.92,87.23,92.21,83.8948,82.543,36.31,71.66,85.39,65.8721,69.7426
2023,050125,REGIONAL MEDICAL CENTER OF SAN JOSE,225 N JACKSON AVENUE,SAN JOSE,CA,95116,SANTA CLARA,53.5,79.42,87.71,68.821,68.7194,62.41,79.83,87.97,70.1656,68.8702,40.4,65.52,81.22,56.7957,48.9419,25.64,51.84,63.57,40.5887,44.4419,39.82,63.11,74.05,55.9543,50.1162,45.94,65.63,79.64,56.8909,62.2744,66.92,87.23,92.21,80.8811,82.4383,36.31,71.66,85.39,61.8544,61.7967
2023,050126,VALLEY PRESBYTERIAN HOSPITAL,15107 VANOWEN ST,VAN NUYS,CA,91406,LOS ANGELES,53.5,79.42,87.71,78.8571,73.1457,62.41,79.83,87.97,76.845,69.058,40.4,65.52,81.22,62.8533,63.0701,25.64,51.84,63.57,52.2849,48.3066,39.82,63.11,74.05,66.3819,59.9983,45.94,65.63,79.64,65.7763,65.7474,66.92,87.23,92.21,82.7642,87.3959,36.31,71.66,85.39,71.6096,69.5157
2023,050127,WOODLAND MEMORIAL HOSPITAL,1325 COTTONWOOD STREET,WOODLAND,CA,95695,YOLO,53.5,79.42,87.71,80.7479,78.2824,62.41,79.83,87.97,83.4715,83.3121,40.4,65.52,81.22,65.1659,70.1509,25.64,51.84,63.57,55.8828,52.7572,39.82,63.11,74.05,68.1281,60.5278,45.94,65.63,79.64,63.045,61.7321,66.92,87.23,92.21,90.4144,88.1197,36.31,71.66,85.39,73.4732,69.4079
2023,050128,TRI-CITY MEDICAL CENTER,4002 VISTA WAY,OCEANSIDE,CA,92056,SAN DIEGO,53.5,79.42,87.71,72.8711,67.9896,62.41,79.83,87.97,73.3654,73.4338,40.4,65.52,81.22,65.6762,54.7115,25.64,51.84,63.57,39.9991,39.8645,39.82,63.11,74.05,59.4283,52.8782,45.94,65.63,79.64,56.2795,55.9067,66.92,87.23,92.21,87.7794,85.8408,36.31,71.66,85.39,67.08,57.3741
2023,050131,NOVATO COMMUNITY HOSPITAL,180 ROWLAND WAY,NOVATO,CA,94945,MARIN,53.5,79.42,87.71,81.6248,79.6199,62.41,79.83,87.97,85.4019,83.1876,40.4,65.52,81.22,67.2298,65.4269,25.64,51.84,63.57,55.9105,53.94,39.82,63.11,74.05,60.4292,57.454,45.94,65.63,79.64,65.912,64.6385,66.92,87.23,92.21,89.2511,88.4863,36.31,71.66,85.39,77.5544,78.415
2023,050132,SAN GABRIEL VALLEY MEDICAL CENTER,438 W LAS TUNAS DRIVE,SAN GABRIEL,CA,91776,LOS ANGELES,53.5,79.42,87.71,78.0897,77.9797,62.41,79.83,87.97,79.2347,77.7704,40.4,65.52,81.22,69.6444,66.0107,25.64,51.84,63.57,48.4667,40.4638,39.82,63.11,74.05,70.8268,64.7764,45.94,65.63,79.64,65.0113,64.4366,66.92,87.23,92.21,85.6493,82.6046,36.31,71.66,85.39,74.4324,72.1663
2023,050133,ADVENTIST HEALTH AND RIDEOUT,726 4TH ST,MARYSVILLE,CA,95901,YUBA,53.5,79.42,87.71,71.22,68.4635,62.41,79.83,87.97,70.9549,70.2888,40.4,65.52,81.22,54.5887,56.0218,25.64,51.84,63.57,43.0121,37.6787,39.82,63.11,74.05,58.0213,54.4842,45.94,65.63,79.64,57.1255,55.9588,66.92,87.23,92.21,82.914,85.1473,36.31,71.66,85.39,57.6391,58.0926
2023,050135,SOUTHERN CALIFORNIA HOSPITAL AT HOLLYWOOD,6245 DE LONGPRE AVE,HOLLYWOOD,CA,90028,LOS ANGELES,53.5,79.42,87.71,61.9684,59.3976,62.41,79.83,87.97,63.8916,59.9285,40.4,65.52,81.22,50.1146,43.8342,25.64,51.84,63.57,34.3842,31.6553,39.82,63.11,74.05,48.5511,43.2053,45.94,65.63,79.64,53.7167,47.5924,66.92,87.23,92.21,74.2891,66.9524,36.31,71.66,85.39,51.8288,43.7649
2023,050136,PETALUMA VALLEY HOSPITAL,400 N MCDOWELL BLVD,PETALUMA,CA,94954,SONOMA,53.5,79.42,87.71,77.5916,73.5692,62.41,79.83,87.97,78.8073,73.8868,40.4,65.52,81.22,59.6727,54.4968,25.64,51.84,63.57,47.0378,41.6726,39.82,63.11,74.05,59.5598,58.4919,45.94,65.63,79.64,59.8449,60.4054,66.92,87.23,92.21,88.715,85.7635,36.31,71.66,85.39,64.8276,57.8949
2023,050137,KAISER FOUNDATION HOSPITAL - PANORAMA CITY,13652 CANTARA ST,PANORAMA CITY,CA,91402,LOS ANGELES,53.5,79.42,87.71,75.0994,75.4802,62.41,79.83,87.97,80.3239,79.2172,40.4,65.52,81.22,59.8002,59.5369,25.64,51.84,63.57,50.5634,50.175,39.82,63.11,74.05,62.3216,62.5755,45.94,65.63,79.64,65.1633,66.3929,66.92,87.23,92.21,84.5768,85.5276,36.31,71.66,85.39,73.4482,72.0433
2023,050138,KAISER FOUNDATION HOSPITAL - LOS ANGELES,4867 SUNSET BLVD,LOS ANGELES,CA,90027,LOS ANGELES,53.5,79.42,87.71,76.9802,76.9252,62.41,79.83,87.97,80.262200000000007,80.0581,40.4,65.52,81.22,63.9071,60.368,25.64,51.84,63.57,54.4728,52.097,39.82,63.11,74.05,60.6703,59.2685,45.94,65.63,79.64,60.7993,60.9479,66.92,87.23,92.21,86.2628,85.0358,36.31,71.66,85.39,74.6645,74.3389
2023,050139,KAISER FOUNDATION HOSPITAL - DOWNEY,9333 IMPERIAL HIGHWAY,DOWNEY,CA,90242,LOS ANGELES,53.5,79.42,87.71,76.272,72.3439,62.41,79.83,87.97,78.5954,76.3786,40.4,65.52,81.22,62.6113,57.0185,25.64,51.84,63.57,53.0079,49.8767,39.82,63.11,74.05,64.0368,57.4408,45.94,65.63,79.64,63.0461,61.5904,66.92,87.23,92.21,87.5438,84.4188,36.31,71.66,85.39,73.5676,68.7661
2023,050145,COMMUNITY HOSPITAL OF THE MONTEREY PENINSULA,23625 W R HOLMAN HIGHWAY,MONTEREY,CA,93940,MONTEREY,53.5,79.42,87.71,80.3089,80.5241,62.41,79.83,87.97,82.0545,79.8794,40.4,65.52,81.22,71.0713,69.0423,25.64,51.84,63.57,53.6942,53.1459,39.82,63.11,74.05,61.816,60.7985,45.94,65.63,79.64,67.1693,68.2831,66.92,87.23,92.21,82.5588,82.1806,36.31,71.66,85.39,80.0824,80.9847
2023,050150,SIERRA NEVADA MEMORIAL HOSPITAL,155 GLASSON WAY,GRASS VALLEY,CA,95945,NEVADA,53.5,79.42,87.71,80.2566,75.9658,62.41,79.83,87.97,77.0966,72.3508,40.4,65.52,81.22,59.5328,61.2109,25.64,51.84,63.57,48.6671,47.7152,39.82,63.11,74.05,64.0393,59.1403,45.94,65.63,79.64,59.8544,56.4215,66.92,87.23,92.21,89.5837,85.7485,36.31,71.66,85.39,65.2029,63.0106
2023,050152,SAINT FRANCIS MEMORIAL HOSPITAL,900 HYDE ST,SAN FRANCISCO,CA,94109,SAN FRANCISCO,53.5,79.42,87.71,70.232,77.0462,62.41,79.83,87.97,78.0479,83.4808,40.4,65.52,81.22,52.8929,62.4651,25.64,51.84,63.57,46.9994,48.7367,39.82,63.11,74.05,58.5101,66.6434,45.94,65.63,79.64,61.2631,59.8765,66.92,87.23,92.21,84.0098,85.8508,36.31,71.66,85.39,61.1719,69.3406
2023,050158,ENCINO HOSPITAL MEDICAL CENTER,16237 VENTURA BLVD,ENCINO,CA,91436,LOS ANGELES,53.5,79.42,87.71,75.081,68.8946,62.41,79.83,87.97,76.114,65.2753,40.4,65.52,81.22,58.9561,58.6532,25.64,51.84,63.57,47.1277,40.6458,39.82,63.11,74.05,60.8883,46.5451,45.94,65.63,79.64,65.9725,61.2379,66.92,87.23,92.21,82.068,80.0141,36.31,71.66,85.39,68.9167,61.3424
2023,050159,VENTURA COUNTY MEDICAL CENTER,300 HILLMONT AVENUE,VENTURA,CA,93003,VENTURA,53.5,79.42,87.71,72.1919,73.889,62.41,79.83,87.97,78.324700000000007,77.8996,40.4,65.52,81.22,57.15,56.6508,25.64,51.84,63.57,52.1019,50.1279,39.82,63.11,74.05,61.6148,57.7084,45.94,65.63,79.64,61.9502,59.826,66.92,87.23,92.21,85.8792,83.7079,36.31,71.66,85.39,69.7966,71.0792
2023,050167,SAN JOAQUIN GENERAL HOSPITAL,500 W HOSPITAL ROAD,FRENCH CAMP,CA,95231,SAN JOAQUIN,53.5,79.42,87.71,67.8523,66.322,62.41,79.83,87.97,71.4328,70.6796,40.4,65.52,81.22,58.609,52.4888,25.64,51.84,63.57,33.5247,31.8355,39.82,63.11,74.05,54.5903,53.8914,45.94,65.63,79.64,50.8912,52.6178,66.92,87.23,92.21,84.692,81.8755,36.31,71.66,85.39,59.4604,58.7288
2023,050168,PROVIDENCE ST. JUDE MEDICAL CENTER,101 E VALENCIA MESA DRIVE,FULLERTON,CA,92835,ORANGE,53.5,79.42,87.71,76.2262,74.3646,62.41,79.83,87.97,78.372,77.1478,40.4,65.52,81.22,62.2838,55.6036,25.64,51.84,63.57,51.5815,51.0705,39.82,63.11,74.05,59.6524,57.013,45.94,65.63,79.64,65.0017,62.9782,66.92,87.23,92.21,88.7719,89.406,36.31,71.66,85.39,77.9257,77.7501
2023,050169,PIH HEALTH HOSPITAL-WHITTIER,12401 WASHINGTON BLVD,WHITTIER,CA,90602,LOS ANGELES,53.5,79.42,87.71,80.2132,79.6696,62.41,79.83,87.97,79.2821,79.0536,40.4,65.52,81.22,66.5586,67.2336,25.64,51.84,63.57,50.1412,53.0415,39.82,63.11,74.05,69.0471,61.7648,45.94,65.63,79.64,65.4543,69.3672,66.92,87.23,92.21,87.3917,86.8912,36.31,71.66,85.39,80.7675,79.7941
2023,050174,PROVIDENCE SANTA ROSA MEMORIAL HOSPITAL,1165 MONTGOMERY DR,SANTA ROSA,CA,95405,SONOMA,53.5,79.42,87.71,75.6422,74.488,62.41,79.83,87.97,74.8464,74.5347,40.4,65.52,81.22,54.3441,47.0365,25.64,51.84,63.57,47.8926,45.18,39.82,63.11,74.05,60.0004,53.3286,45.94,65.63,79.64,56.8119,53.7528,66.92,87.23,92.21,87.1921,86.1656,36.31,71.66,85.39,65.0251,63.669
2023,050179,EMANUEL MEDICAL CENTER,825 DELBON AVE,TURLOCK,CA,95382,STANISLAUS,53.5,79.42,87.71,74.8092,70.9763,62.41,79.83,87.97,72.2594,64.9116,40.4,65.52,81.22,63.1932,46.4472,25.64,51.84,63.57,43.5453,39.7135,39.82,63.11,74.05,72.0757,54.7909,45.94,65.63,79.64,58.9136,54.9668,66.92,87.23,92.21,86.5534,80.4324,36.31,71.66,85.39,67.7948,55.5173
2023,050180,JOHN MUIR MEDICAL CENTER - WALNUT CREEK CAMPUS,1601 YGNACIO VALLEY RD,WALNUT CREEK,CA,94598,CONTRA COSTA,53.5,79.42,87.71,79.792,76.6123,62.41,79.83,87.97,80.8988,76.5226,40.4,65.52,81.22,65.4021,59.0345,25.64,51.84,63.57,53.4303,48.662,39.82,63.11,74.05,66.4531,56.4325,45.94,65.63,79.64,68.1013,64.1907,66.92,87.23,92.21,87.1441,83.5813,36.31,71.66,85.39,76.1471,73.2725
2023,050194,WATSONVILLE COMMUNITY HOSPITAL,75 NIELSON STREET,WATSONVILLE,CA,95076,SANTA CRUZ,53.5,79.42,87.71,77.148,72.5168,62.41,79.83,87.97,79.9379,72.749,40.4,65.52,81.22,66.869,56.715,25.64,51.84,63.57,48.3108,45.6943,39.82,63.11,74.05,61.4499,55.4786,45.94,65.63,79.64,60.9309,53.0003,66.92,87.23,92.21,91.6112,85.897,36.31,71.66,85.39,63.8612,53.8476
2023,050195,WASHINGTON HOSPITAL,2000 MOWRY AVE,FREMONT,CA,94538,ALAMEDA,53.5,79.42,87.71,78.138,76.1246,62.41,79.83,87.97,81.2813,78.3541,40.4,65.52,81.22,62.3703,62.7227,25.64,51.84,63.57,53.0466,54.8278,39.82,63.11,74.05,57.856,55.7764,45.94,65.63,79.64,65.4473,66.7388,66.92,87.23,92.21,86.7106,86.7501,36.31,71.66,85.39,74.4809,71.4882
2023,050197,SEQUOIA HOSPITAL,170 ALAMEDA DE LAS PULGAS,REDWOOD CITY,CA,94062,SAN MATEO,53.5,79.42,87.71,81.3381,79.3847,62.41,79.83,87.97,85.1541,84.7215,40.4,65.52,81.22,63.8385,63.5071,25.64,51.84,63.57,57.915,55.8597,39.82,63.11,74.05,61.4317,61.4034,45.94,65.63,79.64,72.0645,66.0538,66.92,87.23,92.21,90.0494,88.4966,36.31,71.66,85.39,82.6268,78.8456
2023,050204,PALMDALE REGIONAL MEDICAL CENTER,38600 MEDICAL CENTER DRIVE,PALMDALE,CA,93552,LOS ANGELES,53.5,79.42,87.71,77.2992,76.1999,62.41,79.83,87.97,72.8762,72.9191,40.4,65.52,81.22,67.6146,61.1815,25.64,51.84,63.57,48.1418,46.8804,39.82,63.11,74.05,58.9636,57.9056,45.94,65.63,79.64,67.9327,66.36,66.92,87.23,92.21,82.5977,83.3893,36.31,71.66,85.39,68.1884,70.3631
2023,050211,ALAMEDA HOSPITAL,2070 CLINTON AVENUE,ALAMEDA,CA,94501,ALAMEDA,53.5,79.42,87.71,65.6032,69.5462,62.41,79.83,87.97,72.0973,73.9209,40.4,65.52,81.22,57.3434,64.1004,25.64,51.84,63.57,41.2624,46.0787,39.82,63.11,74.05,51.2132,48.9794,45.94,65.63,79.64,55.3924,53.3053,66.92,87.23,92.21,78.2805,79.0134,36.31,71.66,85.39,56.8448,61.4643
2023,050222,SHARP CHULA VISTA MEDICAL CENTER,751 MEDICAL CENTER COURT,CHULA VISTA,CA,91911,SAN DIEGO,53.5,79.42,87.71,78.6738,77.9081,62.41,79.83,87.97,80.1045,76.9154,40.4,65.52,81.22,63.4781,63.6207,25.64,51.84,63.57,57.908,56.3463,39.82,63.11,74.05,63.2648,61.6873,45.94,65.63,79.64,62.8452,71.4945,66.92,87.23,92.21,87.4313,86.916,36.31,71.66,85.39,71.1251,73.5187
2023,050224,HOAG MEMORIAL HOSPITAL PRESBYTERIAN,ONE HOAG DRIVE,NEWPORT BEACH,CA,92663,ORANGE,53.5,79.42,87.71,80.55,80.1199,62.41,79.83,87.97,81.4492,81.1999,40.4,65.52,81.22,63.3287,59.6389,25.64,51.84,63.57,54.6232,54.4615,39.82,63.11,74.05,63.2176,61.961,45.94,65.63,79.64,66.0115,68.1784,66.92,87.23,92.21,86.6993,87.3624,36.31,71.66,85.39,83.4005,84.3547
2023,050226,AHMC ANAHEIM REGIONAL MEDICAL CENTER,1111 W LA PALMA AVENUE,ANAHEIM,CA,92801,ORANGE,53.5,79.42,87.71,72.1164,71.7283,62.41,79.83,87.97,72.8222,72.3546,40.4,65.52,81.22,62.4224,58.5617,25.64,51.84,63.57,40.1258,36.1844,39.82,63.11,74.05,63.4243,58.2025,45.94,65.63,79.64,59.9334,59.7613,66.92,87.23,92.21,83.4471,83.1223,36.31,71.66,85.39,63.7915,64.5937
2023,050228,ZUCKERBERG SAN FRANCISCO GENERAL HOSP & TRAUMA CTR,1001 POTRERO AVENUE,SAN FRANCISCO,CA,94110,SAN FRANCISCO,53.5,79.42,87.71,75.7223,75.6145,62.41,79.83,87.97,78.3277,77.9308,40.4,65.52,81.22,61.4676,61.0322,25.64,51.84,63.57,50.8034,49.932,39.82,63.11,74.05,63.142,61.7291,45.94,65.63,79.64,67.4151,66.573,66.92,87.23,92.21,86.1465,84.3947,36.31,71.66,85.39,73.9068,75.3552
2023,050230,GARDEN GROVE HOSPITAL & MEDICAL CENTER,12601 GARDEN GROVE BLVD,GARDEN GROVE,CA,92843,ORANGE,53.5,79.42,87.71,71.3677,68.2098,62.41,79.83,87.97,71.1562,69.6888,40.4,65.52,81.22,63.2998,60.9635,25.64,51.84,63.57,36.1388,33.356,39.82,63.11,74.05,57.9297,59.0444,45.94,65.63,79.64,60.1875,59.1297,66.92,87.23,92.21,81.5079,77.2104,36.31,71.66,85.39,65.1697,59.3427
2023,050231,POMONA VALLEY HOSPITAL MEDICAL CENTER,1798 N GAREY AVE,POMONA,CA,91767,LOS ANGELES,53.5,79.42,87.71,73.4761,73.0832,62.41,79.83,87.97,72.0387,71.3457,40.4,65.52,81.22,60.3164,55.0892,25.64,51.84,63.57,43.9675,41.9903,39.82,63.11,74.05,59.9541,54.959,45.94,65.63,79.64,56.4021,58.3167,66.92,87.23,92.21,82.9676,81.4194,36.31,71.66,85.39,67.627,67.3665
2023,050232,FRENCH HOSPITAL MEDICAL CENTER,1911 JOHNSON AVE,SAN LUIS OBISPO,CA,93401,SAN LUIS OBISPO,53.5,79.42,87.71,82.7537,80.9451,62.41,79.83,87.97,81.2475,79.0111,40.4,65.52,81.22,68.3606,61.5287,25.64,51.84,63.57,55.6619,55.3183,39.82,63.11,74.05,67.9788,66.1904,45.94,65.63,79.64,57.177,53.7348,66.92,87.23,92.21,91.8472,91.7073,36.31,71.66,85.39,74.4022,73.8865
2023,050234,SHARP CORONADO HOSPITAL AND HLTHCR CTR,250 PROSPECT PLACE,CORONADO,CA,92118,SAN DIEGO,53.5,79.42,87.71,85.6196,79.6017,62.41,79.83,87.97,85.2445,79.3687,40.4,65.52,81.22,73.2242,65.6476,25.64,51.84,63.57,63.963,53.8727,39.82,63.11,74.05,70.5722,57.8501,45.94,65.63,79.64,74.7386,68.6649,66.92,87.23,92.21,91.9131,87.1487,36.31,71.66,85.39,80.6851,72.4656
2023,050235,PROVIDENCE SAINT JOSEPH MEDICAL CTR,501 SOUTH BUENA VISTA STREET,BURBANK,CA,91505,LOS ANGELES,53.5,79.42,87.71,76.0445,75.4349,62.41,79.83,87.97,76.4525,72.0387,40.4,65.52,81.22,60.1905,60.1328,25.64,51.84,63.57,48.3693,47.2203,39.82,63.11,74.05,59.3461,53.5462,45.94,65.63,79.64,63.9963,64.9104,66.92,87.23,92.21,83.1803,79.3337,36.31,71.66,85.39,73.8538,74.7998
2023,050236,SIMI VALLEY HOSPITAL & HEALTH CARE SERVICES,2975 N SYCAMORE DR,SIMI VALLEY,CA,93065,VENTURA,53.5,79.42,87.71,75.4634,72.3585,62.41,79.83,87.97,71.8449,68.0353,40.4,65.52,81.22,66.5132,60.0505,25.64,51.84,63.57,46.3853,43.2675,39.82,63.11,74.05,60.6389,58.7586,45.94,65.63,79.64,68.9916,63.0141,66.92,87.23,92.21,85.9588,86.822,36.31,71.66,85.39,72.658,66.3843
2023,050238,USC ARCADIA HOSPITAL,300 W HUNTINGTON DR,ARCADIA,CA,91006,LOS ANGELES,53.5,79.42,87.71,72.1288,76.2086,62.41,79.83,87.97,75.7342,78.5899,40.4,65.52,81.22,53.1127,55.2647,25.64,51.84,63.57,51.4554,51.8669,39.82,63.11,74.05,55.4221,56.3913,45.94,65.63,79.64,60.272,62.0544,66.92,87.23,92.21,87.3008,85.2971,36.31,71.66,85.39,68.3694,70.4607
2023,050239,GLENDALE ADVENTIST MEDICAL CENTER,1509 E WILSON TERRACE,GLENDALE,CA,91206,LOS ANGELES,53.5,79.42,87.71,77.4301,74.3929,62.41,79.83,87.97,76.4193,73.3626,40.4,65.52,81.22,62.2397,59.7987,25.64,51.84,63.57,47.2945,39.4312,39.82,63.11,74.05,63.286,57.0566,45.94,65.63,79.64,65.5414,60.9557,66.92,87.23,92.21,86.1369,85.8599,36.31,71.66,85.39,75.1395,69.1672
2023,050242,DOMINICAN HOSPITAL,1555 SOQUEL DRIVE,SANTA CRUZ,CA,95065,SANTA CRUZ,53.5,79.42,87.71,77.7285,77.0134,62.41,79.83,87.97,79.9175,78.9676,40.4,65.52,81.22,59.5906,58.1563,25.64,51.84,63.57,51.4992,49.4797,39.82,63.11,74.05,64.4115,59.6486,45.94,65.63,79.64,53.8374,56.7444,66.92,87.23,92.21,87.3886,87.5523,36.31,71.66,85.39,65.8739,64.1371
2023,050243,DESERT REGIONAL MEDICAL CENTER,1150 NORTH INDIAN CANYON DRIVE,PALM SPRINGS,CA,92262,RIVERSIDE,53.5,79.42,87.71,72.7786,72.1736,62.41,79.83,87.97,70.7606,71.0226,40.4,65.52,81.22,64.4853,55.0032,25.64,51.84,63.57,46.2246,42.8926,39.82,63.11,74.05,66.9655,52.9517,45.94,65.63,79.64,52.6673,51.3789,66.92,87.23,92.21,86.6738,80.6561,36.31,71.66,85.39,66.6066,63.5439
2023,050245,ARROWHEAD REGIONAL MEDICAL CENTER,400 NORTH PEPPER AVENUE,COLTON,CA,92324,SAN BERNARDINO,53.5,79.42,87.71,74.3531,72.3779,62.41,79.83,87.97,74.2049,72.2523,40.4,65.52,81.22,54.0993,48.556,25.64,51.84,63.57,44.3174,43.1918,39.82,63.11,74.05,58.9831,57.2789,45.94,65.63,79.64,58.9478,56.1014,66.92,87.23,92.21,83.0209,82.0324,36.31,71.66,85.39,64.7639,63.7225
2023,050248,NATIVIDAD MEDICAL CENTER,1441 CONSTITUTION BOULEVARD,SALINAS,CA,93906,MONTEREY,53.5,79.42,87.71,76.145,72.567,62.41,79.83,87.97,77.7174,70.097,40.4,65.52,81.22,65.3737,53.8897,25.64,51.84,63.57,39.5385,46.4508,39.82,63.11,74.05,63.1209,57.0412,45.94,65.63,79.64,56.553,51.0897,66.92,87.23,92.21,87.3531,85.2157,36.31,71.66,85.39,71.437,66.3851
2023,050254,MARSHALL MEDICAL CENTER,1100 MARSHALL WAY,PLACERVILLE,CA,95667,EL DORADO,53.5,79.42,87.71,82.3122,81.5485,62.41,79.83,87.97,80.7598,76.4183,40.4,65.52,81.22,70.2344,63.9748,25.64,51.84,63.57,52.091,49.8762,39.82,63.11,74.05,65.0782,63.4967,45.94,65.63,79.64,68.557,64.924,66.92,87.23,92.21,89.2002,86.8254,36.31,71.66,85.39,75.3591,76.403
2023,050261,SIERRA VIEW MEDICAL CENTER,465 W PUTNAM AVE,PORTERVILLE,CA,93257,TULARE,53.5,79.42,87.71,75.4936,73.0616,62.41,79.83,87.97,75.8011,74.8316,40.4,65.52,81.22,65.2224,58.7166,25.64,51.84,63.57,40.059,37.7525,39.82,63.11,74.05,64.1542,61.1223,45.94,65.63,79.64,60.9815,58.9532,66.92,87.23,92.21,85.748,86.2964,36.31,71.66,85.39,67.5577,64.1069
2023,050262,RONALD REAGAN UCLA MEDICAL CENTER,757 WESTWOOD PLAZA,LOS ANGELES,CA,90095,LOS ANGELES,53.5,79.42,87.71,81.681,80.3836,62.41,79.83,87.97,82.676,81.8648,40.4,65.52,81.22,65.6332,63.8099,25.64,51.84,63.57,59.9089,58.2858,39.82,63.11,74.05,66.2231,63.0718,45.94,65.63,79.64,64.7453,67.3101,66.92,87.23,92.21,87.3662,87.6911,36.31,71.66,85.39,82.358,80.484
2023,050272,REDLANDS COMMUNITY HOSPITAL,350 TERRACINA BLVD,REDLANDS,CA,92373,SAN BERNARDINO,53.5,79.42,87.71,78.0072,75.6453,62.41,79.83,87.97,77.9327,75.1441,40.4,65.52,81.22,67.4951,63.7274,25.64,51.84,63.57,54.6161,49.8389,39.82,63.11,74.05,67.6614,63.2465,45.94,65.63,79.64,63.2454,62.5643,66.92,87.23,92.21,86.9194,87.086,36.31,71.66,85.39,75.913,72.7121
2023,050276,CONTRA COSTA REGIONAL MEDICAL CENTER,2500 ALHAMBRA AVENUE,MARTINEZ,CA,94553,CONTRA COSTA,53.5,79.42,87.71,78.5024,75.2927,62.41,79.83,87.97,80.6666,78.5667,40.4,65.52,81.22,60.8168,58.7778,25.64,51.84,63.57,53.1004,50.6348,39.82,63.11,74.05,64.3981,60.4158,45.94,65.63,79.64,56.5684,59.6212,66.92,87.23,92.21,87.9531,87.1399,36.31,71.66,85.39,71.97,69.281
2023,050278,PROVIDENCE HOLY CROSS MEDICAL CENTER,15031 RINALDI ST,MISSION HILLS,CA,91346,LOS ANGELES,53.5,79.42,87.71,77.1401,77.9492,62.41,79.83,87.97,77.0152,75.6567,40.4,65.52,81.22,71.2425,66.6077,25.64,51.84,63.57,52.5708,50.682,39.82,63.11,74.05,61.1381,62.6786,45.94,65.63,79.64,62.2936,62.7083,66.92,87.23,92.21,86.5604,86.7041,36.31,71.66,85.39,76.1653,76.2517
2023,050279,HI-DESERT MEDICAL CENTER,6601 WHITE FEATHER ROAD,JOSHUA TREE,CA,92252,SAN BERNARDINO,53.5,79.42,87.71,75.2859,69.9052,62.41,79.83,87.97,69.6601,62.9862,40.4,65.52,81.22,67.7402,54.4808,25.64,51.84,63.57,43.1992,38.853,39.82,63.11,74.05,63.5126,50.5151,45.94,65.63,79.64,64.7377,68.0542,66.92,87.23,92.21,81.9163,79.6877,36.31,71.66,85.39,62.8091,57.534
2023,050280,MERCY MEDICAL CENTER REDDING,"2175 ROSALINE AVE, CLAIRMONT HGTS",REDDING,CA,96001,SHASTA,53.5,79.42,87.71,78.9508,77.0168,62.41,79.83,87.97,74.9508,75.9344,40.4,65.52,81.22,62.0783,59.051,25.64,51.84,63.57,47.1275,45.0986,39.82,63.11,74.05,63.1591,62.8407,45.94,65.63,79.64,56.1661,56.6527,66.92,87.23,92.21,86.9496,85.5914,36.31,71.66,85.39,67.3206,67.4649
2023,050281,ALHAMBRA HOSPITAL MEDICAL CENTER,100 S RAYMOND AVE,ALHAMBRA,CA,91801,LOS ANGELES,53.5,79.42,87.71,81.7604,79.2248,62.41,79.83,87.97,81.5296,78.7352,40.4,65.52,81.22,78.8038,72.9765,25.64,51.84,63.57,52.2214,45.7868,39.82,63.11,74.05,69.0682,66.3189,45.94,65.63,79.64,68.8001,68.5236,66.92,87.23,92.21,89.3132,87.185,36.31,71.66,85.39,78.0978,75.4291
2023,050283,STANFORD HEALTH CARE - VALLEYCARE,5555 WEST LAS POSITAS BOULEVARD,PLEASANTON,CA,94588,ALAMEDA,53.5,79.42,87.71,80.427,78.5393,62.41,79.83,87.97,83.0411,82.004,40.4,65.52,81.22,64.3035,60.4796,25.64,51.84,63.57,53.6893,56.2132,39.82,63.11,74.05,62.0316,61.4999,45.94,65.63,79.64,58.4812,60.9315,66.92,87.23,92.21,87.2225,89.1252,36.31,71.66,85.39,75.7968,71.7053
2023,050289,AHMC SETON MEDICAL CENTER,1900 SULLIVAN AVENUE,DALY CITY,CA,94015,SAN MATEO,53.5,79.42,87.71,74.702,71.6856,62.41,79.83,87.97,77.7617,72.4038,40.4,65.52,81.22,65.8721,54.9185,25.64,51.84,63.57,49.8775,35.3786,39.82,63.11,74.05,60.383,56.4271,45.94,65.63,79.64,66.7173,62.4372,66.92,87.23,92.21,84.4987,81.5937,36.31,71.66,85.39,65.4651,51.8606
2023,050290,PROVIDENCE SAINT JOHN'S HEALTH CENTER,2121 SANTA MONICA BLVD,SANTA MONICA,CA,90404,LOS ANGELES,53.5,79.42,87.71,74.1651,77.137,62.41,79.83,87.97,79.7594,80.2891,40.4,65.52,81.22,53.1869,54.137,25.64,51.84,63.57,48.7069,50.1055,39.82,63.11,74.05,57.3276,60.6229,45.94,65.63,79.64,61.7388,64.8311,66.92,87.23,92.21,83.1845,85.026,36.31,71.66,85.39,73.9625,76.8018
2023,050291,SUTTER SANTA ROSA REGIONAL HOSPITAL,30 MARK WEST SPRINGS ROAD,SANTA ROSA,CA,95403,SONOMA,53.5,79.42,87.71,80.2638,77.6708,62.41,79.83,87.97,79.3389,77.3933,40.4,65.52,81.22,66.8189,61.193,25.64,51.84,63.57,54.4615,48.4287,39.82,63.11,74.05,63.5141,59.5799,45.94,65.63,79.64,64.9094,64.0586,66.92,87.23,92.21,90.4257,89.3148,36.31,71.66,85.39,77.6108,75.8446
2023,050292,RIVERSIDE UNIVERSITY HEALTH SYSTEM-MEDICAL CENTER,26520 CACTUS AVENUE,MORENO VALLEY,CA,92555,RIVERSIDE,53.5,79.42,87.71,75.8587,70.6552,62.41,79.83,87.97,78.3688,76.7926,40.4,65.52,81.22,52.4709,52.1364,25.64,51.84,63.57,55.1881,49.1531,39.82,63.11,74.05,60.3313,55.3366,45.94,65.63,79.64,55.7979,54.3329,66.92,87.23,92.21,83.9958,83.5138,36.31,71.66,85.39,67.6357,65.8054
2023,050295,MERCY HOSPITAL,2215 TRUXTUN AVENUE,BAKERSFIELD,CA,93301,KERN,53.5,79.42,87.71,76.7258,70.4571,62.41,79.83,87.97,75.3673,71.1386,40.4,65.52,81.22,63.1687,56.1523,25.64,51.84,63.57,48.8859,43.9916,39.82,63.11,74.05,64.1296,58.343,45.94,65.63,79.64,60.088,57.0555,66.92,87.23,92.21,84.8404,83.5792,36.31,71.66,85.39,69.4668,64.292
2023,050298,BARSTOW COMMUNITY HOSPITAL,820 E MOUNTAIN VIEW STREET,BARSTOW,CA,92311,SAN BERNARDINO,53.5,79.42,87.71,72.7788,69.2023,62.41,79.83,87.97,72.4746,71.8581,40.4,65.52,81.22,64.5731,46.5517,25.64,51.84,63.57,44.4617,39.1215,39.82,63.11,74.05,62.3519,50.5861,45.94,65.63,79.64,60.8353,54.6853,66.92,87.23,92.21,86.1393,81.1124,36.31,71.66,85.39,64.161,53.3561
2023,050300,ST MARY MEDICAL CENTER,18300 HIGHWAY 18,APPLE VALLEY,CA,92307,SAN BERNARDINO,53.5,79.42,87.71,67.7991,64.2939,62.41,79.83,87.97,69.4816,65.3109,40.4,65.52,81.22,51.4028,42.7634,25.64,51.84,63.57,42.3389,40.0068,39.82,63.11,74.05,51.4124,48.8595,45.94,65.63,79.64,50.1082,44.9557,66.92,87.23,92.21,82.1213,78.3712,36.31,71.66,85.39,57.9298,50.7186
2023,050301,ADVENTIST HEALTH UKIAH VALLEY,275 HOSPITAL DRIVE,UKIAH,CA,95482,MENDOCINO,53.5,79.42,87.71,78.0044,73.6383,62.41,79.83,87.97,77.8347,73.6937,40.4,65.52,81.22,69.5166,59.2583,25.64,51.84,63.57,42.7116,44.998,39.82,63.11,74.05,66.4022,57.0691,45.94,65.63,79.64,55.1274,54.0032,66.92,87.23,92.21,89.7512,87.373,36.31,71.66,85.39,71.9004,67.0491
2023,050305,ALTA BATES SUMMIT MEDICAL CENTER - ALTA BATES CAMP,2450 ASHBY AVENUE,BERKELEY,CA,94705,ALAMEDA,53.5,79.42,87.71,70.1951,68.0782,62.41,79.83,87.97,74.0037,72.7768,40.4,65.52,81.22,49.5171,47.019,25.64,51.84,63.57,43.9528,43.3851,39.82,63.11,74.05,54.6998,52.6854,45.94,65.63,79.64,51.426,50.6347,66.92,87.23,92.21,82.3061,81.6626,36.31,71.66,85.39,58.862,55.5917
2023,050308,EL CAMINO HOSPITAL,2500 GRANT ROAD,MOUNTAIN VIEW,CA,94040,SANTA CLARA,53.5,79.42,87.71,80.4412,77.153,62.41,79.83,87.97,82.0905,79.6261,40.4,65.52,81.22,65.2726,60.9005,25.64,51.84,63.57,53.6437,54.2013,39.82,63.11,74.05,65.9527,58.8137,45.94,65.63,79.64,67.3579,62.9121,66.92,87.23,92.21,86.1019,86.8323,36.31,71.66,85.39,79.1115,75.0884
2023,050309,SUTTER ROSEVILLE MEDICAL CENTER,ONE MEDICAL PLAZA,ROSEVILLE,CA,95661,PLACER,53.5,79.42,87.71,79.1319,76.7477,62.41,79.83,87.97,78.8871,75.5545,40.4,65.52,81.22,68.2333,64.3342,25.64,51.84,63.57,53.845,50.1325,39.82,63.11,74.05,62.5992,57.427,45.94,65.63,79.64,63.314,59.5484,66.92,87.23,92.21,86.684,85.7886,36.31,71.66,85.39,79.0824,74.1192
2023,050313,SUTTER TRACY COMMUNITY HOSPITAL,1420 NORTH TRACY BLVD,TRACY,CA,95376,SAN JOAQUIN,53.5,79.42,87.71,77.3282,73.4002,62.41,79.83,87.97,79.6806,77.6529,40.4,65.52,81.22,58.2502,53.6009,25.64,51.84,63.57,53.2312,48.0786,39.82,63.11,74.05,59.3722,58.1068,45.94,65.63,79.64,64.9951,63.9674,66.92,87.23,92.21,86.3363,84.1173,36.31,71.66,85.39,70.0096,67.4903
2023,050315,KERN MEDICAL CENTER,1700 MOUNT VERNON AVENUE,BAKERSFIELD,CA,93306,KERN,53.5,79.42,87.71,72.4376,62.9107,62.41,79.83,87.97,72.6091,64.9547,40.4,65.52,81.22,54.8555,48.2108,25.64,51.84,63.57,44.9303,41.2772,39.82,63.11,74.05,53.8048,49.2962,45.94,65.63,79.64,59.3525,53.8434,66.92,87.23,92.21,84.5701,83.3516,36.31,71.66,85.39,64.8548,60.6188
2023,050320,HIGHLAND HOSPITAL,1411 EAST 31ST STREET,OAKLAND,CA,94602,ALAMEDA,53.5,79.42,87.71,71.3684,71.2995,62.41,79.83,87.97,76.2154,74.9377,40.4,65.52,81.22,55.0842,57.3831,25.64,51.84,63.57,38.4294,37.84,39.82,63.11,74.05,58.6962,57.484,45.94,65.63,79.64,56.2712,60.2682,66.92,87.23,92.21,83.4349,81.4448,36.31,71.66,85.39,65.7206,67.0898
2023,050324,SCRIPPS MEMORIAL HOSPITAL LA JOLLA,9888 GENESEE AVENUE,LA JOLLA,CA,92037,SAN DIEGO,53.5,79.42,87.71,81.2298,80.3136,62.41,79.83,87.97,83.2451,81.0704,40.4,65.52,81.22,64.4153,66.5108,25.64,51.84,63.57,57.8817,57.0066,39.82,63.11,74.05,65.4203,61.1144,45.94,65.63,79.64,68.1836,67.1221,66.92,87.23,92.21,87.3315,88.4255,36.31,71.66,85.39,80.2989,81.3465
2023,050327,LOMA LINDA UNIVERSITY MEDICAL CENTER,11234 ANDERSON ST,LOMA LINDA,CA,92354,SAN BERNARDINO,53.5,79.42,87.71,76.7689,76.2644,62.41,79.83,87.97,79.6771,77.4831,40.4,65.52,81.22,64.7287,63.2536,25.64,51.84,63.57,49.662,48.2761,39.82,63.11,74.05,66.4818,61.2936,45.94,65.63,79.64,56.6125,62.5157,66.92,87.23,92.21,87.1814,86.4611,36.31,71.66,85.39,75.6202,76.2932
2023,050329,CORONA REGIONAL MEDICAL CENTER,800 SOUTH MAIN STREET,CORONA,CA,92882,RIVERSIDE,53.5,79.42,87.71,72.1733,72.0071,62.41,79.83,87.97,70.9541,71.8426,40.4,65.52,81.22,63.3242,52.282,25.64,51.84,63.57,40.1907,42.4564,39.82,63.11,74.05,58.2958,51.7717,45.94,65.63,79.64,56.7378,52.7897,66.92,87.23,92.21,84.0981,80.8229,36.31,71.66,85.39,64.2643,56.0159
2023,050334,SALINAS VALLEY MEMORIAL HOSPITAL,450 EAST ROMIE LANE,SALINAS,CA,93901,MONTEREY,53.5,79.42,87.71,80.4377,80.1852,62.41,79.83,87.97,79.4948,80.9989,40.4,65.52,81.22,66.7755,67.1549,25.64,51.84,63.57,55.6045,55.7509,39.82,63.11,74.05,67.4653,64.7841,45.94,65.63,79.64,62.6828,62.0408,66.92,87.23,92.21,89.0351,89.1676,36.31,71.66,85.39,73.8873,75.1882
2023,050335,ADVENTIST HEALTH SONORA,1000 GREENLEY ROAD,SONORA,CA,95370,TUOLUMNE,53.5,79.42,87.71,77.0268,72.7401,62.41,79.83,87.97,73.9163,73.2701,40.4,65.52,81.22,65.4306,63.7657,25.64,51.84,63.57,51.7488,53.1538,39.82,63.11,74.05,60.371,58.6743,45.94,65.63,79.64,61.1427,54.6857,66.92,87.23,92.21,89.8706,88.096,36.31,71.66,85.39,70.8597,62.9158
2023,050336,ADVENTIST HEALTH LODI MEMORIAL,975 S FAIRMONT AVENUE,LODI,CA,95240,SAN JOAQUIN,53.5,79.42,87.71,77.9281,72.813,62.41,79.83,87.97,73.6911,71.239,40.4,65.52,81.22,59.5719,52.806,25.64,51.84,63.57,45.7592,39.4933,39.82,63.11,74.05,63.6689,55.0431,45.94,65.63,79.64,64.9994,64.5164,66.92,87.23,92.21,86.5375,82.9307,36.31,71.66,85.39,72.7794,64.7887
2023,050348,UNIVERSITY OF CALIFORNIA IRVINE MEDICAL CENTER,101 CITY DRIVE SOUTH,ORANGE,CA,92868,ORANGE,53.5,79.42,87.71,78.3414,74.6597,62.41,79.83,87.97,81.848,77.828,40.4,65.52,81.22,65.4767,60.7026,25.64,51.84,63.57,56.6434,52.0203,39.82,63.11,74.05,61.5675,58.8452,45.94,65.63,79.64,66.3083,64.14,66.92,87.23,92.21,86.0276,87.0512,36.31,71.66,85.39,75.7962,74.9702
2023,050350,BEVERLY HOSPITAL,309 W BEVERLY BLVD,MONTEBELLO,CA,90640,LOS ANGELES,53.5,79.42,87.71,71.6059,72.8815,62.41,79.83,87.97,71.7746,70.9637,40.4,65.52,81.22,58.6027,54.52,25.64,51.84,63.57,50.7377,47.6033,39.82,63.11,74.05,57.2914,53.3903,45.94,65.63,79.64,58.4438,58.8288,66.92,87.23,92.21,82.0723,80.6883,36.31,71.66,85.39,62.3102,60.8829
2023,050351,TORRANCE MEMORIAL MEDICAL CENTER,3330 LOMITA BLVD,TORRANCE,CA,90509,LOS ANGELES,53.5,79.42,87.71,80.8114,80.2632,62.41,79.83,87.97,80.5943,79.208,40.4,65.52,81.22,68.1797,66.9685,25.64,51.84,63.57,55.2413,54.3804,39.82,63.11,74.05,65.486,62.7778,45.94,65.63,79.64,68.195,66.8073,66.92,87.23,92.21,86.965,86.1282,36.31,71.66,85.39,83.817,81.4837
2023,050352,BARTON MEMORIAL HOSPITAL,2170 SOUTH AVENUE,SOUTH LAKE TAHOE,CA,96150,EL DORADO,53.5,79.42,87.71,83.9462,81.8259,62.41,79.83,87.97,84.0712,87.5587,40.4,65.52,81.22,73.7748,73.3724,25.64,51.84,63.57,57.6473,57.1357,39.82,63.11,74.05,71.806,70.7884,45.94,65.63,79.64,70.4154,70.5613,66.92,87.23,92.21,89.5025,90.1817,36.31,71.66,85.39,76.137,76.4161
2023,050353,PROVIDENCE LITTLE COMPANY OF MARY MED CTR TORRANCE,4101 TORRANCE BLVD,TORRANCE,CA,90503,LOS ANGELES,53.5,79.42,87.71,80.6247,76.3344,62.41,79.83,87.97,81.8515,79.3312,40.4,65.52,81.22,60.3005,56.7675,25.64,51.84,63.57,53.6329,52.9408,39.82,63.11,74.05,67.0996,60.4003,45.94,65.63,79.64,62.9802,61.322,66.92,87.23,92.21,83.501,82.8267,36.31,71.66,85.39,75.6177,71.9319
2023,050357,GOLETA VALLEY COTTAGE HOSPITAL,351 S PATTERSON AVE,SANTA BARBARA,CA,93111,SANTA BARBARA,53.5,79.42,87.71,88.5065,84.2723,62.41,79.83,87.97,87.3354,81.2299,40.4,65.52,81.22,77.7246,74.1738,25.64,51.84,63.57,63.5526,57.9514,39.82,63.11,74.05,70.2179,67.4615,45.94,65.63,79.64,75.9433,75.2868,66.92,87.23,92.21,92.2056,89.5441,36.31,71.66,85.39,86.3476,86.9209
2023,050360,MARIN GENERAL HOSPITAL,"250 BON AIR ROAD, PO BOX 8010",GREENBRAE,CA,94904,MARIN,53.5,79.42,87.71,71.492,71.1767,62.41,79.83,87.97,74.0861,72.9447,40.4,65.52,81.22,61.3642,55.4981,25.64,51.84,63.57,43.8775,40.3494,39.82,63.11,74.05,57.0868,55.2453,45.94,65.63,79.64,48.4428,55.3248,66.92,87.23,92.21,86.3304,84.5485,36.31,71.66,85.39,66.3117,67.3396
2023,050367,NORTHBAY MEDICAL CENTER,1200 B  GALE WILSON BLVD,FAIRFIELD,CA,94533,SOLANO,53.5,79.42,87.71,75.7778,75.9577,62.41,79.83,87.97,74.3826,78.1124,40.4,65.52,81.22,58.1419,63.5788,25.64,51.84,63.57,49.4104,46.6652,39.82,63.11,74.05,64.7173,66.2838,45.94,65.63,79.64,55.0695,61.8937,66.92,87.23,92.21,88.9566,88.9369,36.31,71.66,85.39,65.6251,69.4441
2023,050380,GOOD SAMARITAN HOSPITAL,2425 SAMARITAN DRIVE,SAN JOSE,CA,95124,SANTA CLARA,53.5,79.42,87.71,73.2804,67.3191,62.41,79.83,87.97,75.5245,71.535,40.4,65.52,81.22,53.6997,46.5282,25.64,51.84,63.57,46.7749,41.624,39.82,63.11,74.05,57.7126,47.5707,45.94,65.63,79.64,55.0512,53.6439,66.92,87.23,92.21,83.156,77.3893,36.31,71.66,85.39,65.1167,55.028
2023,050382,EMANATE HEALTH INTER-COMMUNITY HOSPITAL,210 W  SAN BERNARDINO ROAD,COVINA,CA,91723,LOS ANGELES,53.5,79.42,87.71,77.1392,72.6443,62.41,79.83,87.97,75.153,70.0711,40.4,65.52,81.22,61.5197,56.9494,25.64,51.84,63.57,49.1598,43.2646,39.82,63.11,74.05,60.3945,52.5431,45.94,65.63,79.64,59.357,53.2945,66.92,87.23,92.21,84.527,81.0283,36.31,71.66,85.39,67.1834,62.448
2023,050390,HEMET GLOBAL MEDICAL CENTER,1117 EAST DEVONSHIRE,HEMET,CA,92543,RIVERSIDE,53.5,79.42,87.71,65.5726,57.7548,62.41,79.83,87.97,64.6257,57.72,40.4,65.52,81.22,51.0132,42.5466,25.64,51.84,63.57,38.546,34.4779,39.82,63.11,74.05,55.5464,45.6686,45.94,65.63,79.64,48.6558,42.9651,66.92,87.23,92.21,83.5384,74.1958,36.31,71.66,85.39,48.0894,40.4
2023,050393,PIH HEALTH DOWNEY HOSPITAL,11500 BROOKSHIRE AVENUE,DOWNEY,CA,90241,LOS ANGELES,53.5,79.42,87.71,73.882,76.0007,62.41,79.83,87.97,74.8222,75.1843,40.4,65.52,81.22,63.1248,66.5875,25.64,51.84,63.57,41.7863,40.9213,39.82,63.11,74.05,60.9423,60.7933,45.94,65.63,79.64,64.5365,65.7489,66.92,87.23,92.21,85.1142,85.1458,36.31,71.66,85.39,68.9519,69.9515
2023,050396,SANTA BARBARA COTTAGE HOSPITAL,400 WEST PUEBLO,SANTA BARBARA,CA,93102,SANTA BARBARA,53.5,79.42,87.71,82.0357,79.7786,62.41,79.83,87.97,82.4024,80.0898,40.4,65.52,81.22,63.2527,60.7294,25.64,51.84,63.57,55.5874,54.5547,39.82,63.11,74.05,65.4741,62.4722,45.94,65.63,79.64,70.897,70.436,66.92,87.23,92.21,88.0025,85.439,36.31,71.66,85.39,83.2857,81.6296
2023,050407,CHINESE HOSPITAL,845 JACKSON ST,SAN FRANCISCO,CA,94133,SAN FRANCISCO,53.5,79.42,87.71,73.1383,75.3998,62.41,79.83,87.97,72.5526,71.1104,40.4,65.52,81.22,72.1751,66.5727,25.64,51.84,63.57,54.8434,58.4071,39.82,63.11,74.05,60.4519,65.8921,45.94,65.63,79.64,64.855,67.0445,66.92,87.23,92.21,90.7252,89.6911,36.31,71.66,85.39,75.5201,70.3944
2023,050411,KAISER FOUNDATION HOSPITAL - SOUTH BAY,25825 SOUTH VERMONT AVENUE,HARBOR CITY,CA,90710,LOS ANGELES,53.5,79.42,87.71,81.406,79.6183,62.41,79.83,87.97,81.3138,80.9847,40.4,65.52,81.22,66.7634,65.9741,25.64,51.84,63.57,55.2178,53.9255,39.82,63.11,74.05,68.8178,64.0432,45.94,65.63,79.64,64.8221,65.8179,66.92,87.23,92.21,86.8125,87.0492,36.31,71.66,85.39,77.7372,77.1465
2023,050414,MERCY HOSPITAL OF FOLSOM,1650 CREEKSIDE DRIVE,FOLSOM,CA,95630,SACRAMENTO,53.5,79.42,87.71,77.7234,76.8749,62.41,79.83,87.97,78.4709,77.9432,40.4,65.52,81.22,60.4247,59.6371,25.64,51.84,63.57,52.8742,50.2969,39.82,63.11,74.05,64.0362,60.8867,45.94,65.63,79.64,63.8196,60.2178,66.92,87.23,92.21,89.9626,88.2224,36.31,71.66,85.39,74.1158,71.6041
2023,050417,SUTTER COAST HOSPITAL,800 E WASHINGTON BLVD,CRESCENT CITY,CA,95531,DEL NORTE,53.5,79.42,87.71,76.4556,75.8076,62.41,79.83,87.97,76.8029,76.592,40.4,65.52,81.22,63.6001,63.6168,25.64,51.84,63.57,45.2741,43.1618,39.82,63.11,74.05,60.3125,56.1836,45.94,65.63,79.64,61.951,63.1627,66.92,87.23,92.21,86.0314,86.5457,36.31,71.66,85.39,58.2876,60.5049
2023,050424,SCRIPPS GREEN HOSPITAL,10666 NORTH TORREY PINES ROAD,LA JOLLA,CA,92037,SAN DIEGO,53.5,79.42,87.71,83.41,82.3038,62.41,79.83,87.97,87.8537,86.2199,40.4,65.52,81.22,65.711,62.8039,25.64,51.84,63.57,62.9276,61.9856,39.82,63.11,74.05,71.2614,66.9574,45.94,65.63,79.64,70.0871,69.7192,66.92,87.23,92.21,90.7201,91.8317,36.31,71.66,85.39,81.5228,81.6599
2023,050425,KAISER FOUNDATION HOSPITAL - SACRAMENTO,2025 MORSE AVENUE,SACRAMENTO,CA,95825,SACRAMENTO,53.5,79.42,87.71,74.2748,74.1374,62.41,79.83,87.97,80.3988,77.9615,40.4,65.52,81.22,59.8086,56.8516,25.64,51.84,63.57,49.5765,46.2603,39.82,63.11,74.05,61.5747,59.8742,45.94,65.63,79.64,49.5796,50.2829,66.92,87.23,92.21,87.2918,85.2836,36.31,71.66,85.39,62.9578,65.1079
2023,050426,WEST ANAHEIM MEDICAL CENTER,3033 W ORANGE AVENUE,ANAHEIM,CA,92804,ORANGE,53.5,79.42,87.71,73.444,67.4498,62.41,79.83,87.97,74.6145,72.5789,40.4,65.52,81.22,64.4856,58.7683,25.64,51.84,63.57,42.0437,38.2101,39.82,63.11,74.05,58.0305,55.0145,45.94,65.63,79.64,59.2227,54.095,66.92,87.23,92.21,82.039,77.5895,36.31,71.66,85.39,66.0001,55.2668
2023,050438,HUNTINGTON HOSPITAL,100 W  CALIFORNIA BLVD,PASADENA,CA,91109,LOS ANGELES,53.5,79.42,87.71,76.4576,75.8351,62.41,79.83,87.97,79.9986,75.2391,40.4,65.52,81.22,63.7245,66.2237,25.64,51.84,63.57,51.5071,50.7211,39.82,63.11,74.05,59.0726,56.053,45.94,65.63,79.64,69.519,67.5306,66.92,87.23,92.21,82.2247,81.8666,36.31,71.66,85.39,82.9763,74.7355
2023,050441,STANFORD HEALTH CARE,300 PASTEUR DRIVE,STANFORD,CA,94305,SANTA CLARA,53.5,79.42,87.71,81.5072,82.7638,62.41,79.83,87.97,82.7933,82.4741,40.4,65.52,81.22,66.0799,68.4257,25.64,51.84,63.57,60.1157,62.3779,39.82,63.11,74.05,66.5543,65.5446,45.94,65.63,79.64,58.3789,71.3817,66.92,87.23,92.21,89.2676,89.2982,36.31,71.66,85.39,77.8337,84.2781
2023,050444,MERCY MEDICAL CENTER,333 MERCY AVENUE,MERCED,CA,95340,MERCED,53.5,79.42,87.71,76.1259,74.3543,62.41,79.83,87.97,74.071,69.1305,40.4,65.52,81.22,61.1766,56.9315,25.64,51.84,63.57,46.3593,41.7569,39.82,63.11,74.05,64.9665,59.6275,45.94,65.63,79.64,67.3836,66.838,66.92,87.23,92.21,84.0345,84.439,36.31,71.66,85.39,66.5895,64.0249
2023,050454,UCSF MEDICAL CENTER,"505 PARNASSUS AVE, BOX 0296",SAN FRANCISCO,CA,94143,SAN FRANCISCO,53.5,79.42,87.71,80.1155,77.8895,62.41,79.83,87.97,82.8748,79.6214,40.4,65.52,81.22,64.4152,56.7733,25.64,51.84,63.57,59.4264,57.7483,39.82,63.11,74.05,64.7988,60.8976,45.94,65.63,79.64,67.0768,62.1275,66.92,87.23,92.21,89.1954,89.1225,36.31,71.66,85.39,81.8518,78.8118
2023,050455,ADVENTIST HEALTH BAKERSFIELD,2615 CHESTER AVENUE,BAKERSFIELD,CA,93301,KERN,53.5,79.42,87.71,73.3421,74.608,62.41,79.83,87.97,75.8887,75.6354,40.4,65.52,81.22,61.5664,61.1899,25.64,51.84,63.57,44.0976,43.9798,39.82,63.11,74.05,61.9134,60.0581,45.94,65.63,79.64,61.0625,59.2869,66.92,87.23,92.21,86.424,86.0846,36.31,71.66,85.39,70.9859,66.4863
2023,050457,ST MARY'S MEDICAL CENTER,450 STANYAN ST,SAN FRANCISCO,CA,94117,SAN FRANCISCO,53.5,79.42,87.71,74.6259,75.3565,62.41,79.83,87.97,80.3153,82.4199,40.4,65.52,81.22,60.0131,58.5167,25.64,51.84,63.57,49.1537,51.8769,39.82,63.11,74.05,62.051,59.5376,45.94,65.63,79.64,54.7405,54.2268,66.92,87.23,92.21,86.3691,85.6523,36.31,71.66,85.39,64.6776,66.9278
2023,050464,DOCTORS MEDICAL CENTER,1441 FLORIDA AVENUE,MODESTO,CA,95350,STANISLAUS,53.5,79.42,87.71,77.8741,75.3017,62.41,79.83,87.97,74.933,72.8124,40.4,65.52,81.22,67.872,56.6808,25.64,51.84,63.57,51.3873,46.5084,39.82,63.11,74.05,67.1482,56.747,45.94,65.63,79.64,55.4551,49.553,66.92,87.23,92.21,86.5462,85.7633,36.31,71.66,85.39,70.4182,62.6202
2023,050468,MEMORIAL HOSPITAL OF GARDENA,1145 W REDONDO BEACH BLVD,GARDENA,CA,90247,LOS ANGELES,53.5,79.42,87.71,65.16,61.2094,62.41,79.83,87.97,66.7224,64.2521,40.4,65.52,81.22,53.429,48.259,25.64,51.84,63.57,34.6688,29.7807,39.82,63.11,74.05,53.0835,52.6222,45.94,65.63,79.64,50.9103,51.0429,66.92,87.23,92.21,77.5754,72.3155,36.31,71.66,85.39,52.3611,41.9579
2023,050471,PIH HEALTH GOOD SAMARITAN HOSPITAL,1225 WILSHIRE BOULEVARD,LOS ANGELES,CA,90017,LOS ANGELES,53.5,79.42,87.71,70.8216,72.372,62.41,79.83,87.97,73.2757,73.9914,40.4,65.52,81.22,57.0605,60.238,25.64,51.84,63.57,36.0534,38.7087,39.82,63.11,74.05,63.0001,56.5316,45.94,65.63,79.64,56.7546,56.5073,66.92,87.23,92.21,86.4321,84.9765,36.31,71.66,85.39,70.2096,65.7767
2023,050481,WEST HILLS HOSPITAL & MEDICAL CENTER,7300 MEDICAL CENTER DR,WEST HILLS,CA,91307,LOS ANGELES,53.5,79.42,87.71,73.0109,76.2671,62.41,79.83,87.97,72.0325,74.5681,40.4,65.52,81.22,56.4832,54.6983,25.64,51.84,63.57,45.941,44.4426,39.82,63.11,74.05,60.0203,52.1148,45.94,65.63,79.64,57.1077,59.543,66.92,87.23,92.21,82.5196,80.4377,36.31,71.66,85.39,66.017,65.2581
2023,050485,MEMORIALCARE LONG BEACH MEDICAL CENTER,2801 ATLANTIC AVE,LONG BEACH,CA,90806,LOS ANGELES,53.5,79.42,87.71,77.0898,77.1919,62.41,79.83,87.97,76.7557,77.392,40.4,65.52,81.22,63.891,63.9326,25.64,51.84,63.57,50.1672,50.3622,39.82,63.11,74.05,60.5369,61.9356,45.94,65.63,79.64,60.9849,59.9472,66.92,87.23,92.21,83.1599,84.7434,36.31,71.66,85.39,72.5138,73.0837
2023,050488,EDEN MEDICAL CENTER,20103 LAKE CHABOT ROAD,CASTRO VALLEY,CA,94546,ALAMEDA,53.5,79.42,87.71,75.465,72.2092,62.41,79.83,87.97,79.3486,76.9783,40.4,65.52,81.22,60.6894,57.2731,25.64,51.84,63.57,49.0491,47.1348,39.82,63.11,74.05,57.3734,58.6567,45.94,65.63,79.64,64.0595,64.4852,66.92,87.23,92.21,83.6761,83.3728,36.31,71.66,85.39,72.4402,71.8186
2023,050492,CLOVIS COMMUNITY MEDICAL CENTER,2755 HERNDON AVE,CLOVIS,CA,93611,FRESNO,53.5,79.42,87.71,74.1334,69.0581,62.41,79.83,87.97,73.4873,71.7834,40.4,65.52,81.22,57.7775,50.7302,25.64,51.84,63.57,46.9295,43.6339,39.82,63.11,74.05,57.6763,50.9757,45.94,65.63,79.64,64.2373,62.8401,66.92,87.23,92.21,88.213,84.3765,36.31,71.66,85.39,72.39,63.9179
2023,050496,JOHN MUIR MEDICAL CENTER - CONCORD CAMPUS,2540 EAST ST,CONCORD,CA,94520,CONTRA COSTA,53.5,79.42,87.71,80.572,78.871,62.41,79.83,87.97,80.8834,78.0435,40.4,65.52,81.22,67.3743,64.2411,25.64,51.84,63.57,51.9515,52.633,39.82,63.11,74.05,60.0485,58.7106,45.94,65.63,79.64,63.1286,56.828,66.92,87.23,92.21,86.3814,87.1631,36.31,71.66,85.39,75.2711,70.8706
2023,050498,SUTTER AUBURN FAITH HOSPITAL,11815 EDUCATION STREET,AUBURN,CA,95603,PLACER,53.5,79.42,87.71,82.1902,78.5638,62.41,79.83,87.97,81.5738,83.09,40.4,65.52,81.22,66.0801,61.2807,25.64,51.84,63.57,55.5225,54.8124,39.82,63.11,74.05,63.0961,61.6145,45.94,65.63,79.64,66.1749,67.178,66.92,87.23,92.21,87.55,87.7235,36.31,71.66,85.39,77.5694,74.9759
2023,050503,SCRIPPS MEMORIAL HOSPITAL - ENCINITAS,354 SANTA FE DRIVE,ENCINITAS,CA,92024,SAN DIEGO,53.5,79.42,87.71,78.6092,77.6851,62.41,79.83,87.97,79.1593,77.3492,40.4,65.52,81.22,62.3575,59.8981,25.64,51.84,63.57,53.4662,54.0299,39.82,63.11,74.05,65.6551,63.8708,45.94,65.63,79.64,62.1977,60.2844,66.92,87.23,92.21,87.4708,88.5181,36.31,71.66,85.39,73.4494,72.0321
2023,050506,TENET HEALTH CENTRAL COAST SIERRA VISTA RMC,1010 MURRAY AVENUE,SAN LUIS OBISPO,CA,93405,SAN LUIS OBISPO,53.5,79.42,87.71,73.6818,76.1327,62.41,79.83,87.97,75.9735,76.8916,40.4,65.52,81.22,68.2871,60.7246,25.64,51.84,63.57,50.5773,46.5886,39.82,63.11,74.05,64.695,58.8657,45.94,65.63,79.64,51.5701,49.7216,66.92,87.23,92.21,88.3355,86.5652,36.31,71.66,85.39,67.5696,60.0811
2023,050510,KAISER FOUNDATION HOSPITAL,99 MONTECILLO RD,SAN RAFAEL,CA,94903,MARIN,53.5,79.42,87.71,78.843,76.6353,62.41,79.83,87.97,84.7882,83.4591,40.4,65.52,81.22,62.3553,59.7337,25.64,51.84,63.57,53.1649,49.313,39.82,63.11,74.05,63.3787,59.9866,45.94,65.63,79.64,50.6078,50.0653,66.92,87.23,92.21,89.4803,88.8553,36.31,71.66,85.39,70.8308,66.7207
2023,050512,KAISER FOUNDATION HOSPITAL - FREMONT,39400 PASEO PADRE PKWY,FREMONT,CA,94538,ALAMEDA,53.5,79.42,87.71,74.3591,73.2544,62.41,79.83,87.97,83.0958,77.6102,40.4,65.52,81.22,59.928,58.6098,25.64,51.84,63.57,54.0568,48.4075,39.82,63.11,74.05,59.4508,58.5841,45.94,65.63,79.64,60.9304,62.0607,66.92,87.23,92.21,87.0645,84.1684,36.31,71.66,85.39,71.3917,69.4302
2023,050515,KAISER FOUNDATION HOSPITAL - SAN DIEGO,4647 ZION AVE,SAN DIEGO,CA,92120,SAN DIEGO,53.5,79.42,87.71,79.9123,78.5575,62.41,79.83,87.97,82.4531,81.2507,40.4,65.52,81.22,67.8904,65.2797,25.64,51.84,63.57,56.003,53.2292,39.82,63.11,74.05,64.8728,63.8525,45.94,65.63,79.64,67.1226,67.21,66.92,87.23,92.21,88.9919,88.9373,36.31,71.66,85.39,79.3,77.6109
2023,050516,MERCY SAN JUAN MEDICAL CENTER,6501 COYLE AVE,CARMICHAEL,CA,95608,SACRAMENTO,53.5,79.42,87.71,77.5324,78.4962,62.41,79.83,87.97,78.2917,78.3797,40.4,65.52,81.22,62.1912,63.5079,25.64,51.84,63.57,50.4728,47.6098,39.82,63.11,74.05,63.2541,64.9159,45.94,65.63,79.64,59.6571,58.4567,66.92,87.23,92.21,88.8224,88.4722,36.31,71.66,85.39,71.9048,72.1626
2023,050517,VICTOR VALLEY GLOBAL MEDICAL CENTER,15248 11TH ST,VICTORVILLE,CA,92392,SAN BERNARDINO,53.5,79.42,87.71,65.0914,63.176,62.41,79.83,87.97,68.4688,65.8405,40.4,65.52,81.22,52.1,52.4857,25.64,51.84,63.57,34.9751,35.1182,39.82,63.11,74.05,54.2313,53.4017,45.94,65.63,79.64,47.9062,50.1893,66.92,87.23,92.21,80.1534,77.8438,36.31,71.66,85.39,49.202,49.7041
2023,050523,SUTTER DELTA MEDICAL CENTER,3901 LONE TREE WAY,ANTIOCH,CA,94509,CONTRA COSTA,53.5,79.42,87.71,75.132,71.6507,62.41,79.83,87.97,74.9814,73.3554,40.4,65.52,81.22,57.9882,54.4218,25.64,51.84,63.57,45.2149,42.379,39.82,63.11,74.05,59.2026,54.8304,45.94,65.63,79.64,55.2306,56.614,66.92,87.23,92.21,83.1739,81.4412,36.31,71.66,85.39,61.4883,59.5038
2023,050526,HUNTINGTON BEACH HOSPITAL,17772 BEACH BLVD,HUNTINGTON BEACH,CA,92647,ORANGE,53.5,79.42,87.71,65.3369,65.632,62.41,79.83,87.97,70.2565,68.7616,40.4,65.52,81.22,57.3368,52.1394,25.64,51.84,63.57,40.6016,31.9188,39.82,63.11,74.05,55.4118,51.7369,45.94,65.63,79.64,53.0426,51.6996,66.92,87.23,92.21,77.3685,76.9344,36.31,71.66,85.39,57.0647,51.7155
2023,050528,MEMORIAL HOSPITAL LOS BANOS,520 WEST I ST,LOS BANOS,CA,93635,MERCED,53.5,79.42,87.71,74.583,64.447,62.41,79.83,87.97,73.6658,66.1333,40.4,65.52,81.22,60.7835,48.5839,25.64,51.84,63.57,44.9057,38.4316,39.82,63.11,74.05,62.961,43.7213,45.94,65.63,79.64,64.8382,57.9081,66.92,87.23,92.21,85.4265,75.884,36.31,71.66,85.39,57.9678,51.1713
2023,050534,JOHN F KENNEDY MEMORIAL HOSPITAL,47111 MONROE STREET,INDIO,CA,92201,RIVERSIDE,53.5,79.42,87.71,72.7139,65.8587,62.41,79.83,87.97,75.2452,66.3458,40.4,65.52,81.22,63.9556,52.2478,25.64,51.84,63.57,38.885,39.3469,39.82,63.11,74.05,63.8964,49.353,45.94,65.63,79.64,60.7113,54.4305,66.92,87.23,92.21,83.2668,78.4511,36.31,71.66,85.39,66.2962,50.8486
2023,050537,SUTTER DAVIS HOSPITAL,2000 SUTTER PLACE,DAVIS,CA,95616,YOLO,53.5,79.42,87.71,81.0674,79.4961,62.41,79.83,87.97,81.485,80.31,40.4,65.52,81.22,67.0404,61.8651,25.64,51.84,63.57,58.8551,54.7878,39.82,63.11,74.05,65.3406,61.9628,45.94,65.63,79.64,60.3792,58.2999,66.92,87.23,92.21,88.3305,89.4423,36.31,71.66,85.39,79.1707,77.1375
2023,050541,KAISER FOUNDATION HOSPITAL - REDWOOD CITY,1100 VETERANS BOULEVARD,REDWOOD CITY,CA,94063,SAN MATEO,53.5,79.42,87.71,81.1178,77.5674,62.41,79.83,87.97,83.9674,82.4154,40.4,65.52,81.22,68.4272,62.9856,25.64,51.84,63.57,56.8689,53.756100000000004,39.82,63.11,74.05,64.2109,60.8086,45.94,65.63,79.64,69.186,67.6738,66.92,87.23,92.21,88.6026,87.868,36.31,71.66,85.39,81.1974,78.075
2023,050549,LOS ROBLES HOSPITAL & MEDICAL CENTER,215 W JANSS RD,THOUSAND OAKS,CA,91360,VENTURA,53.5,79.42,87.71,76.1044,76.724,62.41,79.83,87.97,75.4365,76.4504,40.4,65.52,81.22,65.0659,63.2439,25.64,51.84,63.57,50.0209,46.7963,39.82,63.11,74.05,62.3901,58.2193,45.94,65.63,79.64,63.893,64.9932,66.92,87.23,92.21,83.8902,80.7291,36.31,71.66,85.39,72.13,70.9235
2023,050551,LOS ALAMITOS MEDICAL CENTER,3751 KATELLA AVENUE,LOS ALAMITOS,CA,90720,ORANGE,53.5,79.42,87.71,73.4104,71.0369,62.41,79.83,87.97,73.8912,69.0472,40.4,65.52,81.22,60.1438,51.607,25.64,51.84,63.57,47.1273,42.9276,39.82,63.11,74.05,62.7771,52.7034,45.94,65.63,79.64,51.264,49.3322,66.92,87.23,92.21,85.3579,79.6053,36.31,71.66,85.39,61.7146,57.8766
2023,050557,MEMORIAL MEDICAL CENTER,1700 COFFEE RD,MODESTO,CA,95355,STANISLAUS,53.5,79.42,87.71,75.7917,74.7443,62.41,79.83,87.97,76.6185,73.8008,40.4,65.52,81.22,56.99,56.8637,25.64,51.84,63.57,51.8608,47.4035,39.82,63.11,74.05,59.7914,56.4695,45.94,65.63,79.64,60.2566,58.5411,66.92,87.23,92.21,87.823,85.7523,36.31,71.66,85.39,70.2004,69.5349
2023,050561,KAISER FOUNDATION HOSPITAL - WEST LA,6041 CADILLAC AVE,LOS ANGELES,CA,90034,LOS ANGELES,53.5,79.42,87.71,77.3721,76.2007,62.41,79.83,87.97,81.4301,78.9826,40.4,65.52,81.22,62.412,61.6729,25.64,51.84,63.57,51.5442,52.5149,39.82,63.11,74.05,68.4897,61.5204,45.94,65.63,79.64,63.3935,63.0332,66.92,87.23,92.21,85.9625,86.0623,36.31,71.66,85.39,74.7645,74.2619
2023,050567,PROVIDENCE MISSION HOSPITAL,27700 MEDICAL CENTER RD,MISSION VIEJO,CA,92691,ORANGE,53.5,79.42,87.71,79.0642,76.9041,62.41,79.83,87.97,81.592,76.3429,40.4,65.52,81.22,60.041,57.2685,25.64,51.84,63.57,54.2577,51.5529,39.82,63.11,74.05,64.3101,60.58,45.94,65.63,79.64,64.5904,61.8468,66.92,87.23,92.21,87.7257,84.2666,36.31,71.66,85.39,75.1407,72.0776
2023,050570,FOUNTAIN VALLEY REGIONAL HOSPITAL & MEDICAL CENTER,17100 EUCLID STREET,FOUNTAIN VALLEY,CA,92708,ORANGE,53.5,79.42,87.71,71.8441,63.5774,62.41,79.83,87.97,71.2703,62.8482,40.4,65.52,81.22,57.8649,47.2116,25.64,51.84,63.57,40.6589,39.412,39.82,63.11,74.05,59.6298,49.3227,45.94,65.63,79.64,52.398,51.6857,66.92,87.23,92.21,84.6084,81.9306,36.31,71.66,85.39,63.6896,56.5407
2023,050573,EISENHOWER MEDICAL CENTER,39-000 BOB HOPE DRIVE,RANCHO MIRAGE,CA,92270,RIVERSIDE,53.5,79.42,87.71,80.1452,75.8862,62.41,79.83,87.97,79.1085,76.6473,40.4,65.52,81.22,67.7179,61.6426,25.64,51.84,63.57,53.3468,50.4269,39.82,63.11,74.05,61.9449,56.9518,45.94,65.63,79.64,65.0147,60.6674,66.92,87.23,92.21,85.5583,84.5435,36.31,71.66,85.39,79.0244,76.4202
2023,050580,LA PALMA INTERCOMMUNITY HOSPITAL,7901 WALKER STREET,LA PALMA,CA,90623,ORANGE,53.5,79.42,87.71,75.3864,70.2643,62.41,79.83,87.97,71.2852,65.4541,40.4,65.52,81.22,69.5175,64.6391,25.64,51.84,63.57,38.7183,40.3207,39.82,63.11,74.05,56.2708,55.8735,45.94,65.63,79.64,63.5285,59.5778,66.92,87.23,92.21,77.7212,78.4746,36.31,71.66,85.39,67.2381,62.0258
2023,050581,LAKEWOOD REGIONAL MEDICAL CENTER,3700 E SOUTH ST,LAKEWOOD,CA,90712,LOS ANGELES,53.5,79.42,87.71,74.5839,71.1664,62.41,79.83,87.97,75.4488,71.0393,40.4,65.52,81.22,66.0719,54.4637,25.64,51.84,63.57,46.7702,44.8192,39.82,63.11,74.05,63.7235,52.894,45.94,65.63,79.64,61.6372,52.3679,66.92,87.23,92.21,83.7353,82.7384,36.31,71.66,85.39,66.2493,59.9928
2023,050586,CHINO VALLEY MEDICAL CENTER,5451 WALNUT AVE,CHINO,CA,91710,SAN BERNARDINO,53.5,79.42,87.71,75.8373,72.5587,62.41,79.83,87.97,75.698,70.8163,40.4,65.52,81.22,68.6357,54.8703,25.64,51.84,63.57,40.1566,32.9817,39.82,63.11,74.05,63.8888,52.6627,45.94,65.63,79.64,65.9584,60.9356,66.92,87.23,92.21,78.7664,78.5934,36.31,71.66,85.39,70.6145,58.887
2023,050588,SAN DIMAS COMMUNITY HOSPITAL,1350 W COVINA BLVD,SAN DIMAS,CA,91773,LOS ANGELES,53.5,79.42,87.71,74.816,71.0829,62.41,79.83,87.97,75.5853,71.2196,40.4,65.52,81.22,67.0344,57.3782,25.64,51.84,63.57,44.7614,40.6803,39.82,63.11,74.05,64.4584,53.9936,45.94,65.63,79.64,65.085,59.9686,66.92,87.23,92.21,82.3065,79.6068,36.31,71.66,85.39,70.2003,60.4802
2023,050589,PLACENTIA LINDA HOSPITAL,1301 N ROSE DRIVE,PLACENTIA,CA,92870,ORANGE,53.5,79.42,87.71,77.4816,72.7105,62.41,79.83,87.97,74.7891,72.5844,40.4,65.52,81.22,68.7142,59.9938,25.64,51.84,63.57,53.6533,46.346,39.82,63.11,74.05,67.074700000000007,53.8704,45.94,65.63,79.64,62.6305,61.8218,66.92,87.23,92.21,86.3955,82.986,36.31,71.66,85.39,70.4021,69.1574
2023,050590,METHODIST HOSPITAL OF SACRAMENTO,7500 HOSPITAL DRIVE,SACRAMENTO,CA,95823,SACRAMENTO,53.5,79.42,87.71,73.8382,74.8922,62.41,79.83,87.97,77.8483,77.8374,40.4,65.52,81.22,57.2348,54.8728,25.64,51.84,63.57,48.7411,49.7726,39.82,63.11,74.05,59.2792,61.1501,45.94,65.63,79.64,56.6579,60.8678,66.92,87.23,92.21,85.6484,87.3876,36.31,71.66,85.39,61.2258,66.1908
2023,050597,EMANATE HEALTH FOOTHILL PRESBYTERIAN HOSPITAL,250 S GRAND AVE,GLENDORA,CA,91740,LOS ANGELES,53.5,79.42,87.71,78.7002,78.3531,62.41,79.83,87.97,77.6139,75.057,40.4,65.52,81.22,60.2671,57.5596,25.64,51.84,63.57,46.2816,43.8278,39.82,63.11,74.05,56.9938,54.8879,45.94,65.63,79.64,57.7905,56.1547,66.92,87.23,92.21,80.4254,81.3051,36.31,71.66,85.39,70.8623,71.5852
2023,050599,UNIVERSITY OF CALIFORNIA DAVIS MEDICAL CENTER,2315 STOCKTON BOULEVARD,SACRAMENTO,CA,95817,SACRAMENTO,53.5,79.42,87.71,79.4232,79.4988,62.41,79.83,87.97,80.062,80.2614,40.4,65.52,81.22,61.6387,60.1007,25.64,51.84,63.57,55.7322,55.0011,39.82,63.11,74.05,62.6755,61.5304,45.94,65.63,79.64,53.755,53.4147,66.92,87.23,92.21,88.395,88.524,36.31,71.66,85.39,74.5797,72.427
2023,050603,MEMORIALCARE SADDLEBACK MEDICAL CENTER,24451 HEALTH CENTER DRIVE,LAGUNA HILLS,CA,92653,ORANGE,53.5,79.42,87.71,75.687,78.0566,62.41,79.83,87.97,79.4889,77.9909,40.4,65.52,81.22,57.2727,60.7101,25.64,51.84,63.57,50.8491,50.9722,39.82,63.11,74.05,58.8645,58.34,45.94,65.63,79.64,59.0056,60.9209,66.92,87.23,92.21,85.4067,87.4642,36.31,71.66,85.39,72.7625,74.543
2023,050604,KAISER FOUNDATION HOSPITAL-SAN JOSE,250 HOSPITAL PARKWAY,SAN JOSE,CA,95119,SANTA CLARA,53.5,79.42,87.71,72.8837,71.4744,62.41,79.83,87.97,79.7928,76.9883,40.4,65.52,81.22,54.9284,52.8368,25.64,51.84,63.57,49.9267,44.8306,39.82,63.11,74.05,58.3697,56.1644,45.94,65.63,79.64,52.6965,55.7154,66.92,87.23,92.21,86.5842,83.8285,36.31,71.66,85.39,64.6946,62.5172
2023,050608,ADVENTIST HEALTH DELANO,1401 GARCES HIGHWAY,DELANO,CA,93215,KERN,53.5,79.42,87.71,75.083,77.0654,62.41,79.83,87.97,75.4679,77.8743,40.4,65.52,81.22,70.0318,65.9659,25.64,51.84,63.57,37.8478,30.8897,39.82,63.11,74.05,63.8296,64.1079,45.94,65.63,79.64,65.6867,64.271,66.92,87.23,92.21,87.8032,83.5585,36.31,71.66,85.39,65.8802,67.3688
2023,050609,KAISER FOUNDATION HOSPITAL - ORANGE COUNTY - ANAHEIM,3440 E LA PALMA AVE,ANAHEIM,CA,92806,ORANGE,53.5,79.42,87.71,78.652,78.9089,62.41,79.83,87.97,81.0004,79.3145,40.4,65.52,81.22,65.367,66.4786,25.64,51.84,63.57,54.5757,52.3175,39.82,63.11,74.05,64.7138,63.2378,45.94,65.63,79.64,66.3176,67.2931,66.92,87.23,92.21,86.5521,86.7614,36.31,71.66,85.39,79.714,78.4538
2023,050624,HENRY MAYO NEWHALL  HOSPITAL,23845  MCBEAN PKWY,VALENCIA,CA,91355,LOS ANGELES,53.5,79.42,87.71,76.7133,76.5965,62.41,79.83,87.97,77.6105,75.7925,40.4,65.52,81.22,60.6704,59.5377,25.64,51.84,63.57,50.8192,48.4976,39.82,63.11,74.05,63.1691,58.2574,45.94,65.63,79.64,53.1498,58.0371,66.92,87.23,92.21,88.2725,83.3851,36.31,71.66,85.39,69.4098,69.5551
2023,050625,CEDARS-SINAI MEDICAL CENTER,8700 BEVERLY BLVD,LOS ANGELES,CA,90048,LOS ANGELES,53.5,79.42,87.71,79.119,78.7612,62.41,79.83,87.97,80.8792,81.1238,40.4,65.52,81.22,66.1219,62.7288,25.64,51.84,63.57,55.8766,55.591,39.82,63.11,74.05,61.42,60.9604,45.94,65.63,79.64,61.7152,61.2807,66.92,87.23,92.21,82.778,83.6655,36.31,71.66,85.39,79.1048,79.1781
2023,050633,TENET HEALTH CENTRAL TWIN CITIES COMMUNITY HOSP,1100 LAS TABLAS RD,TEMPLETON,CA,93465,SAN LUIS OBISPO,53.5,79.42,87.71,75.9264,76.7636,62.41,79.83,87.97,74.6202,75.622,40.4,65.52,81.22,66.851,63.7266,25.64,51.84,63.57,51.5267,46.9769,39.82,63.11,74.05,69.4959,62.5469,45.94,65.63,79.64,57.6257,56.452,66.92,87.23,92.21,87.7807,87.8384,36.31,71.66,85.39,68.4012,63.0396
2023,050636,PALOMAR MEDICAL CENTER POWAY,15615 POMERADO ROAD,POWAY,CA,92064,SAN DIEGO,53.5,79.42,87.71,77.7372,74.6796,62.41,79.83,87.97,80.0495,76.2105,40.4,65.52,81.22,63.1885,58.4866,25.64,51.84,63.57,51.0616,47.6693,39.82,63.11,74.05,58.3585,56.035,45.94,65.63,79.64,57.4162,53.7121,66.92,87.23,92.21,85.2678,86.0037,36.31,71.66,85.39,66.0907,64.7741
2023,050641,EAST LOS ANGELES DOCTORS HOSPITAL,4060 WHITTIER BLVD,LOS ANGELES,CA,90023,LOS ANGELES,53.5,79.42,87.71,72.5321,64.6051,62.41,79.83,87.97,73.3094,68.9715,40.4,65.52,81.22,67.2441,52.0232,25.64,51.84,63.57,37.0932,27.5882,39.82,63.11,74.05,60.6657,51.0605,45.94,65.63,79.64,59.1086,53.9906,66.92,87.23,92.21,84.5233,80.6384,36.31,71.66,85.39,67.0487,58.287
2023,050663,LOS ANGELES COMMUNITY HOSPITAL,4081 E OLYMPIC BLVD,LOS ANGELES,CA,90023,LOS ANGELES,53.5,79.42,87.71,63.631,60.2221,62.41,79.83,87.97,65.8336,62.611,40.4,65.52,81.22,51.1913,43.6552,25.64,51.84,63.57,33.3602,28.7336,39.82,63.11,74.05,47.6349,45.4461,45.94,65.63,79.64,46.631100000000004,46.1354,66.92,87.23,92.21,74.7564,67.7863,36.31,71.66,85.39,45.8644,42.0196
2023,050674,KAISER FOUNDATION HOSP SO SACRAMENTO,6600 BRUCEVILLE ROAD,SACRAMENTO,CA,95823,SACRAMENTO,53.5,79.42,87.71,77.1516,71.7666,62.41,79.83,87.97,81.2132,76.2593,40.4,65.52,81.22,61.3572,54.7345,25.64,51.84,63.57,50.7964,45.8704,39.82,63.11,74.05,63.5302,55.9617,45.94,65.63,79.64,58.1518,55.1237,66.92,87.23,92.21,88.0552,86.59,36.31,71.66,85.39,72.8401,66.1859
2023,050677,KAISER FOUNDATION HOSPITAL - WOODLAND HILLS,5601 DE SOTO AVENUE,WOODLAND HILLS,CA,91367,LOS ANGELES,53.5,79.42,87.71,74.7847,72.1027,62.41,79.83,87.97,79.2787,76.7053,40.4,65.52,81.22,60.4584,60.0069,25.64,51.84,63.57,51.0187,48.5815,39.82,63.11,74.05,61.4903,57.1125,45.94,65.63,79.64,56.113,57.6385,66.92,87.23,92.21,86.2017,84.7681,36.31,71.66,85.39,68.0562,65.3883
2023,050678,MEMORIALCARE ORANGE COAST MEDICAL CENTER,9920 TALBERT AVENUE,FOUNTAIN VALLEY,CA,92708,ORANGE,53.5,79.42,87.71,75.3956,75.0765,62.41,79.83,87.97,77.3886,75.3333,40.4,65.52,81.22,63.4765,60.7819,25.64,51.84,63.57,52.3523,49.5475,39.82,63.11,74.05,62.1271,57.5308,45.94,65.63,79.64,60.1443,58.9306,66.92,87.23,92.21,86.449700000000007,86.4209,36.31,71.66,85.39,71.6371,72.0155
2023,050684,MENIFEE GLOBAL MEDICAL CENTER,28400 MCCALL BOULEVARD,SUN CITY,CA,92585,RIVERSIDE,53.5,79.42,87.71,68.258,59.7122,62.41,79.83,87.97,69.8021,61.0025,40.4,65.52,81.22,51.601,44.2552,25.64,51.84,63.57,41.2469,30.1319,39.82,63.11,74.05,52.8132,44.2336,45.94,65.63,79.64,53.4526,45.4008,66.92,87.23,92.21,83.1859,73.6277,36.31,71.66,85.39,53.0191,44.6292
2023,050686,"KAISER FOUNDATION HOSPITAL, RIVERSIDE",10800 MAGNOLIA AVENUE,RIVERSIDE,CA,92505,RIVERSIDE,53.5,79.42,87.71,78.5428,74.5939,62.41,79.83,87.97,80.137,76.7627,40.4,65.52,81.22,65.2167,59.4419,25.64,51.84,63.57,53.9594,49.5854,39.82,63.11,74.05,68.016,58.8739,45.94,65.63,79.64,57.1092,59.1103,66.92,87.23,92.21,86.8663,86.7207,36.31,71.66,85.39,73.0986,70.083
2023,050689,SAN RAMON REGIONAL MEDICAL CENTER,6001 NORRIS CANYON ROAD,SAN RAMON,CA,94583,CONTRA COSTA,53.5,79.42,87.71,75.8958,79.5599,62.41,79.83,87.97,77.4086,80.7638,40.4,65.52,81.22,63.3891,57.2782,25.64,51.84,63.57,48.729,49.8892,39.82,63.11,74.05,61.5948,58.4206,45.94,65.63,79.64,57.24,61.2178,66.92,87.23,92.21,85.3918,86.2402,36.31,71.66,85.39,66.8597,67.5749
2023,050690,KAISER FOUNDATION HOSPITAL-SANTA ROSA,401 BICENTENNIAL WAY,SANTA ROSA,CA,95403,SONOMA,53.5,79.42,87.71,80.6774,77.2399,62.41,79.83,87.97,82.5669,79.9,40.4,65.52,81.22,63.7469,58.2934,25.64,51.84,63.57,54.4334,49.2224,39.82,63.11,74.05,65.7791,58.1702,45.94,65.63,79.64,61.5798,58.1977,66.92,87.23,92.21,89.2215,86.9804,36.31,71.66,85.39,77.8005,74.3806
2023,050696,KECK HOSPITAL OF USC,1500 SAN PABLO STREET,LOS ANGELES,CA,90033,LOS ANGELES,53.5,79.42,87.71,78.6175,79.9027,62.41,79.83,87.97,83.3922,82.9233,40.4,65.52,81.22,61.2868,57.112,25.64,51.84,63.57,57.9756,57.3222,39.82,63.11,74.05,59.3441,57.1637,45.94,65.63,79.64,61.405,61.0364,66.92,87.23,92.21,86.048,87.1989,36.31,71.66,85.39,78.4271,79.306
2023,050701,SOUTHWEST HEALTHCARE SYSTEM,25500 MEDICAL CENTER DRIVE,MURRIETA,CA,92562,RIVERSIDE,53.5,79.42,87.71,75.652,69.7837,62.41,79.83,87.97,72.0348,68.2016,40.4,65.52,81.22,59.8288,49.3169,25.64,51.84,63.57,46.3094,42.0285,39.82,63.11,74.05,63.2835,55.1069,45.94,65.63,79.64,59.6023,53.6061,66.92,87.23,92.21,83.0502,81.2322,36.31,71.66,85.39,69.4143,56.2004
2023,050709,DESERT VALLEY HOSPITAL,16850 BEAR VALLEY RD,VICTORVILLE,CA,92395,SAN BERNARDINO,53.5,79.42,87.71,77.0676,72.2449,62.41,79.83,87.97,74.2579,69.6967,40.4,65.52,81.22,67.217,61.4376,25.64,51.84,63.57,44.1813,42.212,39.82,63.11,74.05,61.9824,56.806,45.94,65.63,79.64,65.9258,62.03,66.92,87.23,92.21,82.6965,79.9411,36.31,71.66,85.39,65.1839,63.7568
2023,050710,KAISER FOUNDATION HOSPITAL - FRESNO,7300 NORTH FRESNO ST,FRESNO,CA,93720,FRESNO,53.5,79.42,87.71,77.3273,74.4644,62.41,79.83,87.97,80.5236,77.8807,40.4,65.52,81.22,61.7707,55.3624,25.64,51.84,63.57,52.9876,47.4574,39.82,63.11,74.05,61.1906,56.7889,45.94,65.63,79.64,64.0722,61.8228,66.92,87.23,92.21,85.1566,86.3913,36.31,71.66,85.39,74.4626,71.9438
2023,050717,LAC/RANCHO LOS AMIGOS NATIONAL REHABILITATION  CTR,7601 EAST IMPERIAL HIGHWAY,DOWNEY,CA,90242,LOS ANGELES,53.5,79.42,87.71,77.7024,73.9149,62.41,79.83,87.97,79.2314,78.9074,40.4,65.52,81.22,61.4846,60.5402,25.64,51.84,63.57,59.2036,57.3299,39.82,63.11,74.05,63.3376,61.7784,45.94,65.63,79.64,64.0252,65.9999,66.92,87.23,92.21,88.9845,87.0996,36.31,71.66,85.39,75.4944,78.4164
2023,050723,KAISER FOUNDATION HOSPITAL - BALDWIN PARK,1011 BALDWIN PARK BLVD,BALDWIN PARK,CA,91706,LOS ANGELES,53.5,79.42,87.71,78.3699,79.2235,62.41,79.83,87.97,80.7428,79.6874,40.4,65.52,81.22,63.6336,62.0316,25.64,51.84,63.57,53.5522,54.0459,39.82,63.11,74.05,65.4717,66.0793,45.94,65.63,79.64,63.6312,64.922,66.92,87.23,92.21,87.1647,85.8355,36.31,71.66,85.39,75.7658,75.6588
2023,050724,BAKERSFIELD HEART HOSPITAL,3001 SILLECT AVENUE,BAKERSFIELD,CA,93308,KERN,53.5,79.42,87.71,80.0557,76.7114,62.41,79.83,87.97,79.6008,73.8892,40.4,65.52,81.22,73.7284,64.108,25.64,51.84,63.57,51.8541,46.6761,39.82,63.11,74.05,60.1591,56.7114,45.94,65.63,79.64,65.9877,60.0982,66.92,87.23,92.21,86.2496,83.8662,36.31,71.66,85.39,76.5647,73.5829
2023,050735,WHITTIER HOSPITAL MEDICAL CENTER,9080 COLIMA RD,WHITTIER,CA,90605,LOS ANGELES,53.5,79.42,87.71,77.0239,72.2941,62.41,79.83,87.97,75.1901,72.8842,40.4,65.52,81.22,64.6238,56.5613,25.64,51.84,63.57,41.4084,35.6478,39.82,63.11,74.05,67.8329,59.6554,45.94,65.63,79.64,62.6104,57.0669,66.92,87.23,92.21,85.3852,80.9778,36.31,71.66,85.39,71.9086,63.795
2023,050736,MONTEREY PARK HOSPITAL,900 S ATLANTIC BLVD,MONTEREY PARK,CA,91754,LOS ANGELES,53.5,79.42,87.71,74.8125,73.9648,62.41,79.83,87.97,75.2015,75.9929,40.4,65.52,81.22,65.5672,64.1416,25.64,51.84,63.57,38.7272,34.1243,39.82,63.11,74.05,68.0379,64.383,45.94,65.63,79.64,64.0595,66.5485,66.92,87.23,92.21,84.3994,84.01,36.31,71.66,85.39,68.0899,64.5165
2023,050737,GARFIELD MEDICAL CENTER,525 N GARFIELD AVE,MONTEREY PARK,CA,91754,LOS ANGELES,53.5,79.42,87.71,79.9632,77.8952,62.41,79.83,87.97,81.1505,79.4399,40.4,65.52,81.22,71.6667,66.3926,25.64,51.84,63.57,46.9288,33.2978,39.82,63.11,74.05,68.9842,66.1191,45.94,65.63,79.64,65.328,61.8406,66.92,87.23,92.21,85.3854,81.6547,36.31,71.66,85.39,75.9337,66.6956
2023,050738,GREATER EL MONTE COMMUNITY HOSPITAL,1701 SANTA ANITA AVE,SOUTH EL MONTE,CA,91733,LOS ANGELES,53.5,79.42,87.71,76.8246,74.1138,62.41,79.83,87.97,74.7805,74.323,40.4,65.52,81.22,68.1711,60.4743,25.64,51.84,63.57,42.4905,37.1474,39.82,63.11,74.05,70.9316,55.7779,45.94,65.63,79.64,64.2063,62.0081,66.92,87.23,92.21,87.8265,77.9649,36.31,71.66,85.39,72.0217,66.2231
2023,050739,CENTINELA HOSPITAL MEDICAL CENTER,555 EAST HARDY STREET,INGLEWOOD,CA,90301,LOS ANGELES,53.5,79.42,87.71,72.3626,69.2106,62.41,79.83,87.97,73.7431,71.1927,40.4,65.52,81.22,66.6993,59.5468,25.64,51.84,63.57,40.1957,38.0741,39.82,63.11,74.05,61.3541,55.6536,45.94,65.63,79.64,58.4786,58.8729,66.92,87.23,92.21,81.1961,81.0009,36.31,71.66,85.39,61.5906,59.8172
2023,050740,CEDAR-SINAI MARINA DEL REY HOSPITAL,4650 LINCOLN BLVD,MARINA DEL REY,CA,90291,LOS ANGELES,53.5,79.42,87.71,77.3351,72.8097,62.41,79.83,87.97,80.8198,77.4666,40.4,65.52,81.22,67.3472,60.8183,25.64,51.84,63.57,50.134,46.0561,39.82,63.11,74.05,59.8022,54.3073,45.94,65.63,79.64,61.263,57.3857,66.92,87.23,92.21,81.757,81.7603,36.31,71.66,85.39,68.814,66.2291
2023,050745,CHAPMAN GLOBAL MEDICAL CENTER,2601 E CHAPMAN AVE,ORANGE,CA,92869,ORANGE,53.5,79.42,87.71,63.8161,64.7364,62.41,79.83,87.97,70.5346,69.25,40.4,65.52,81.22,50.2281,58.6097,25.64,51.84,63.57,33.8308,42.0995,39.82,63.11,74.05,56.1819,61.4338,45.94,65.63,79.64,51.2237,64.0738,66.92,87.23,92.21,80.3696,77.4744,36.31,71.66,85.39,49.6782,57.1044
2023,050746,ORANGE COUNTY GLOBAL MEDICAL CENTER,1001 NORTH TUSTIN AVENUE,SANTA ANA,CA,92705,ORANGE,53.5,79.42,87.71,67.9745,67.8736,62.41,79.83,87.97,71.1245,72.1935,40.4,65.52,81.22,52.7715,55.9736,25.64,51.84,63.57,35.0957,33.3858,39.82,63.11,74.05,55.873,57.464,45.94,65.63,79.64,54.0882,57.193,66.92,87.23,92.21,84.7428,83.4002,36.31,71.66,85.39,62.0451,60.5972
2023,050747,COASTAL COMMUNITIES HOSPITAL,2701 S BRISTOL ST,SANTA ANA,CA,92704,ORANGE,53.5,79.42,87.71,64.1169,70.2537,62.41,79.83,87.97,67.7516,71.2935,40.4,65.52,81.22,53.486,50.4174,25.64,51.84,63.57,26.4895,28.0954,39.82,63.11,74.05,55.9412,45.2648,45.94,65.63,79.64,49.3709,56.7926,66.92,87.23,92.21,80.9753,79.2704,36.31,71.66,85.39,57.1504,54.4556
2023,050748,KAISER FOUNDATION HOSPITAL MANTECA,1777 WEST YOSEMITE AVE,MANTECA,CA,95337,SAN JOAQUIN,53.5,79.42,87.71,76.5593,75.6611,62.41,79.83,87.97,77.5615,77.2963,40.4,65.52,81.22,63.238,61.8392,25.64,51.84,63.57,50.1204,47.1729,39.82,63.11,74.05,60.3413,57.3737,45.94,65.63,79.64,63.0982,60.0818,66.92,87.23,92.21,86.0378,85.0124,36.31,71.66,85.39,73.6501,70.1539
2023,050755,SHERMAN OAKS HOSPITAL,4929 VAN NUYS BLVD,SHERMAN OAKS,CA,91403,LOS ANGELES,53.5,79.42,87.71,73.9674,65.9866,62.41,79.83,87.97,72.7771,64.7361,40.4,65.52,81.22,68.495,52.2769,25.64,51.84,63.57,39.6036,37.9187,39.82,63.11,74.05,58.4187,57.6879,45.94,65.63,79.64,62.497,57.3189,66.92,87.23,92.21,81.0263,72.0989,36.31,71.66,85.39,63.9025,57.5422
2023,050757,ALVARADO HOSPITAL MEDICAL CENTER,6655 ALVARADO ROAD,SAN DIEGO,CA,92120,SAN DIEGO,53.5,79.42,87.71,74.424,67.3058,62.41,79.83,87.97,72.7461,67.5348,40.4,65.52,81.22,64.1032,56.6918,25.64,51.84,63.57,48.0706,39.4577,39.82,63.11,74.05,60.601,53.4692,45.94,65.63,79.64,60.3316,54.5317,66.92,87.23,92.21,82.3319,76.8783,36.31,71.66,85.39,66.0537,54.0775
2023,050758,MONTCLAIR HOSPITAL MEDICAL CENTER,5000 SAN BERNARDINO ST,MONTCLAIR,CA,91763,SAN BERNARDINO,53.5,79.42,87.71,75.7016,70.5635,62.41,79.83,87.97,75.4537,72.4263,40.4,65.52,81.22,67.8595,65.7003,25.64,51.84,63.57,41.7801,37.6812,39.82,63.11,74.05,61.1347,61.3775,45.94,65.63,79.64,58.3478,60.2563,66.92,87.23,92.21,84.3244,79.2769,36.31,71.66,85.39,68.416,65.0316
2023,050760,KAISER FOUNDATION HOSPITAL - ANTIOCH,4501 SAND CREEK ROAD,ANTIOCH,CA,94531,CONTRA COSTA,53.5,79.42,87.71,75.2182,73.2862,62.41,79.83,87.97,80.75,77.5475,40.4,65.52,81.22,63.4213,59.5189,25.64,51.84,63.57,53.0008,48.5985,39.82,63.11,74.05,60.7374,56.2961,45.94,65.63,79.64,60.6114,60.3618,66.92,87.23,92.21,88.4767,88.1355,36.31,71.66,85.39,75.1062,70.6632
2023,050761,PROVIDENCE CEDARS SINAI TARZANA MEDICAL CENTER,18321 CLARK STREET,TARZANA,CA,91356,LOS ANGELES,53.5,79.42,87.71,76.2648,76.2098,62.41,79.83,87.97,80.2315,76.7737,40.4,65.52,81.22,57.9487,54.2142,25.64,51.84,63.57,48.6595,42.4398,39.82,63.11,74.05,59.3665,55.0253,45.94,65.63,79.64,56.4002,55.6946,66.92,87.23,92.21,81.8258,82.5054,36.31,71.66,85.39,65.2795,62.6315
2023,050763,"L A DOWNTOWN MEDICAL CENTER, LLC",1711 WEST TEMPLE STREET,LOS ANGELES,CA,90026,LOS ANGELES,53.5,79.42,87.71,NA,NA,62.41,79.83,87.97,NA,NA,40.4,65.52,81.22,NA,NA,25.64,51.84,63.57,NA,NA,39.82,63.11,74.05,NA,NA,45.94,65.63,79.64,NA,NA,66.92,87.23,92.21,NA,NA,36.31,71.66,85.39,NA,NA
2023,050764,SHASTA REGIONAL MEDICAL CENTER,1100 BUTTE ST,REDDING,CA,96001,SHASTA,53.5,79.42,87.71,73.673,72.4722,62.41,79.83,87.97,72.1584,70.0753,40.4,65.52,81.22,61.5112,57.0457,25.64,51.84,63.57,52.2604,44.699,39.82,63.11,74.05,61.53,54.0432,45.94,65.63,79.64,53.0602,53.8661,66.92,87.23,92.21,81.5438,81.8752,36.31,71.66,85.39,61.5213,62.3578
2023,050767,KAISER FOUNDATION HOSPITAL - VACAVILLE,1 QUALITY DRIVE,VACAVILLE,CA,95688,SOLANO,53.5,79.42,87.71,76.3805,75.883,62.41,79.83,87.97,80.3728,78.6025,40.4,65.52,81.22,62.0315,59.6614,25.64,51.84,63.57,50.3724,50.1806,39.82,63.11,74.05,60.8439,59.5069,45.94,65.63,79.64,62.001,63.7302,66.92,87.23,92.21,87.9233,86.1938,36.31,71.66,85.39,76.9373,72.4436
2023,050770,LOMA LINDA UNIVERSITY MEDICAL CENTER-MURRIETA,28062 BAXTER ROAD,MURRIETA,CA,92563,RIVERSIDE,53.5,79.42,87.71,77.1334,69.8884,62.41,79.83,87.97,78.0708,68.5058,40.4,65.52,81.22,62.812,55.5689,25.64,51.84,63.57,51.5068,41.3145,39.82,63.11,74.05,61.7938,53.168,45.94,65.63,79.64,69.095,58.489,66.92,87.23,92.21,86.4646,83.491,36.31,71.66,85.39,77.8571,65.6501
2023,050771,COAST PLAZA HOSPITAL,13100 STUDERBAKER ROAD,NORWALK,CA,90650,LOS ANGELES,53.5,79.42,87.71,64.2937,64.1613,62.41,79.83,87.97,68.0666,63.0411,40.4,65.52,81.22,56.1016,54.9912,25.64,51.84,63.57,37.1799,31.1101,39.82,63.11,74.05,60.9893,61.2019,45.94,65.63,79.64,51.9478,53.8487,66.92,87.23,92.21,76.7625,75.0008,36.31,71.66,85.39,58.4406,50.5947
2023,050772,KAISER FOUNDATION HOSPITAL - ROSEVILLE,1600 EUREKA ROAD,ROSEVILLE,CA,95661,PLACER,53.5,79.42,87.71,76.1275,75.2132,62.41,79.83,87.97,78.9406,76.2813,40.4,65.52,81.22,63.5348,59.4315,25.64,51.84,63.57,51.3741,45.9445,39.82,63.11,74.05,61.2602,56.4051,45.94,65.63,79.64,58.5234,54.0566,66.92,87.23,92.21,86.0135,83.8578,36.31,71.66,85.39,73.4778,67.9115
2023,050775,TEMECULA VALLEY HOSPITAL,31700 TEMECULA PKWY,TEMECULA,CA,92592,RIVERSIDE,53.5,79.42,87.71,77.8609,77.6064,62.41,79.83,87.97,75.2664,75.5124,40.4,65.52,81.22,69.2241,55.7869,25.64,51.84,63.57,51.4914,46.906,39.82,63.11,74.05,60.4222,57.2641,45.94,65.63,79.64,61.9687,57.5791,66.92,87.23,92.21,85.9406,83.3458,36.31,71.66,85.39,74.1803,72.3086
2023,050776,COLLEGE MEDICAL CENTER,2776 PACIFIC AVENUE,LONG BEACH,CA,90806,LOS ANGELES,53.5,79.42,87.71,79.5872,71.8098,62.41,79.83,87.97,74.2171,68.477,40.4,65.52,81.22,54.8036,53.5905,25.64,51.84,63.57,51.7075,43.3839,39.82,63.11,74.05,53.3881,61.5898,45.94,65.63,79.64,55.7635,58.0444,66.92,87.23,92.21,82.3459,79.6451,36.31,71.66,85.39,62.451,59.5422
2023,050777,KAISER FOUNDATION HOSPITAL - SAN LEANDRO,2500 MERCED STREET,SAN LEANDRO,CA,94577,ALAMEDA,53.5,79.42,87.71,72.6277,74.5682,62.41,79.83,87.97,76.4516,79.2981,40.4,65.52,81.22,58.0811,57.7507,25.64,51.84,63.57,47.0623,48.8884,39.82,63.11,74.05,59.1739,59.391,45.94,65.63,79.64,61.682,64.5739,66.92,87.23,92.21,84.8335,84.8985,36.31,71.66,85.39,70.2633,70.3608
2023,050779,"MARTIN LUTHER KING, JR. COMMUNITY HOSPITAL",1680 EAST 120TH STREET,LOS ANGELES,CA,90059,LOS ANGELES,53.5,79.42,87.71,77.0719,76.2857,62.41,79.83,87.97,77.4712,78.0724,40.4,65.52,81.22,67.1033,62.1105,25.64,51.84,63.57,53.9418,55.2502,39.82,63.11,74.05,61.6255,62.2562,45.94,65.63,79.64,71.7416,68.8724,66.92,87.23,92.21,86.6138,86.9812,36.31,71.66,85.39,78.8855,74.682
2023,050782,CASA COLINA HOSPITAL,255 E BONITA AVE,POMONA,CA,91767,LOS ANGELES,53.5,79.42,87.71,87.3071,79.3322,62.41,79.83,87.97,84.4189,83.9713,40.4,65.52,81.22,67.79,52.7495,25.64,51.84,63.57,61.2749,52.9095,39.82,63.11,74.05,69.4179,66.1232,45.94,65.63,79.64,77.5274,69.3633,66.92,87.23,92.21,89.0605,84.9838,36.31,71.66,85.39,87.8979,84.8025
